branch,item,division,group,category,qty,amount,item_share,item_rank,attach_tendency,beverage_opportunity_flag
Conut - Tyre,AMERICAN COFFEE,Hot-Coffee Based,Hot-Coffee Based,coffee_hot,8.0,2860540.5,0.00052,59,0.001046,False
Conut - Tyre,CAPPUCCINO,Hot-Coffee Based,Hot-Coffee Based,coffee_hot,1.0,417162.16,7.6e-05,93,0.000131,False
Conut - Tyre,CAFFE LATTE,Hot-Coffee Based,Hot-Coffee Based,coffee_hot,47.0,19606621.36,0.003561,33,0.006143,False
Conut - Tyre,CAFE MOCHA,Hot-Coffee Based,Hot-Coffee Based,coffee_hot,5.0,2536081.12,0.000461,61,0.000654,False
Conut - Tyre,CARAMEL MACHIATO,Hot-Coffee Based,Hot-Coffee Based,coffee_hot,7.0,3754459.41,0.000682,52,0.000915,False
Conut - Tyre,CAFFE AMERICANO,Hot-Coffee Based,Hot-Coffee Based,coffee_hot,4.0,953513.5,0.000173,80,0.000523,False
Conut - Tyre,SINGLE ESPRESSO,Hot-Coffee Based,Hot-Coffee Based,coffee_hot,29.0,6912972.88,0.001256,46,0.00379,False
Conut - Tyre,DOUBLE ESPRESSO,Hot-Coffee Based,Hot-Coffee Based,coffee_hot,55.0,18063783.51,0.003281,34,0.007189,False
Conut - Tyre,ESPRESSO MACCHIATO,Hot-Coffee Based,Hot-Coffee Based,coffee_hot,1.0,328432.43,6e-05,98,0.000131,False
Conut - Tyre,WHITE MOCHA,Hot-Coffee Based,Hot-Coffee Based,coffee_hot,6.0,3043297.34,0.000553,57,0.000784,False
Conut - Tyre,FLAT WHITE,Hot-Coffee Based,Hot-Coffee Based,coffee_hot,1.0,388027.02,7e-05,95,0.000131,False
Conut - Tyre,HOT CHOCOLATE COMBO,Hot-Coffee Based,Hot-Coffee Based,coffee_hot,20.0,13243243.23,0.002405,35,0.002614,False
Conut - Tyre,"CARAMEL  SAUCE,",Bev Add-ons,Bev Add-ons,core_food,2.0,180108.1,3.3e-05,105,0.000261,True
Conut - Tyre,VANILLA SYRUP,Bev Add-ons,Bev Add-ons,core_food,3.0,270162.16,4.9e-05,100,0.000392,True
Conut - Tyre,MOCHA FRAPPE,Frappes,Frappes,coffee_cold,14.0,7508918.82,0.001364,43,0.00183,False
Conut - Tyre,CARAMEL MOCHA FRAPPE,Frappes,Frappes,coffee_cold,10.0,5363513.44,0.000974,49,0.001307,False
Conut - Tyre,HAZELNUT MOCHA FRAPPE,Frappes,Frappes,coffee_cold,3.0,1609054.03,0.000292,72,0.000392,False
Conut - Tyre,CARAMEL FRAPPE,Frappes,Frappes,coffee_cold,51.0,27353918.55,0.004968,30,0.006666,False
Conut - Tyre,VANILLA FRAPPE,Frappes,Frappes,coffee_cold,2.0,1072702.69,0.000195,79,0.000261,False
Conut - Tyre,WHITE MOCHA FRAPPE,Frappes,Frappes,coffee_cold,5.0,2681756.72,0.000487,60,0.000654,False
Conut - Tyre,HAZELNUT FRAPPE,Frappes,Frappes,coffee_cold,2.0,1072702.69,0.000195,79,0.000261,False
Conut - Tyre,MATCHA FRAPPE,Frappes,Frappes,coffee_cold,3.0,1879216.23,0.000341,67,0.000392,False
Conut - Tyre,SALTED CARAMEL FRAPPE,Frappes,Frappes,coffee_cold,2.0,1072702.69,0.000195,79,0.000261,False
Conut - Tyre,ESPRESSO FRAPPE,Frappes,Frappes,coffee_cold,5.0,2238108.08,0.000406,64,0.000654,False
Conut - Tyre,TOFFEE NUT FRAPPE,Frappes,Frappes,coffee_cold,6.0,3218108.07,0.000584,55,0.000784,False
Conut - Tyre,VANILLA MILKSHAKE,Shakes,Shakes,milkshake,18.0,9654324.2,0.001753,39,0.002353,False
Conut - Tyre,OREO MILKSHAKE,Shakes,Shakes,milkshake,28.0,20023783.93,0.003637,31,0.00366,False
Conut - Tyre,STRAWBERRY MILKSHAKE,Shakes,Shakes,milkshake,12.0,8581621.68,0.001559,41,0.001568,False
Conut - Tyre,MATCHA MILKSHAKE,Shakes,Shakes,milkshake,2.0,1787837.84,0.000325,69,0.000261,False
Conut - Tyre,SALTED CARAMEL MILKSHAKE,Shakes,Shakes,milkshake,4.0,3098918.94,0.000563,56,0.000523,False
Conut - Tyre,PISTACHIO MILKSHAKE,Shakes,Shakes,milkshake,8.0,7151351.37,0.001299,44,0.001046,False
Conut - Tyre,GRANOLA BERRIES MILKSHAKE,Shakes,Shakes,milkshake,1.0,774729.73,0.000141,83,0.000131,False
Conut - Tyre,DOUBLE CHOCOLATE MILKSHAKE,Shakes,Shakes,milkshake,2.0,1549459.47,0.000281,73,0.000261,False
Conut - Tyre,FRUIT LOOPS MILKSHAKE,Shakes,Shakes,milkshake,1.0,774729.73,0.000141,83,0.000131,False
Conut - Tyre,TOFFEE NUT MILKSHAKE,Shakes,Shakes,milkshake,1.0,774729.73,0.000141,83,0.000131,False
Conut - Tyre,WATER,Hot and Cold Drinks,Hot and Cold Drinks,other_beverage,473.0,37584321.76,0.006826,26,0.061822,False
Conut - Tyre,BALKIS LEMONADE,Hot and Cold Drinks,Hot and Cold Drinks,other_beverage,1.0,238378.38,4.3e-05,102,0.000131,False
Conut - Tyre,MANGO PASSION,Hot and Cold Drinks,Hot and Cold Drinks,other_beverage,10.0,4171621.57,0.000758,51,0.001307,False
Conut - Tyre,MELON PASSION,Hot and Cold Drinks,Hot and Cold Drinks,other_beverage,3.0,1251486.47,0.000227,77,0.000392,False
Conut - Tyre,WILD BERRIES,Hot and Cold Drinks,Hot and Cold Drinks,other_beverage,3.0,1251486.47,0.000227,77,0.000392,False
Conut - Tyre,WILD BERRIES PASSION,Hot and Cold Drinks,Hot and Cold Drinks,other_beverage,3.0,1251486.47,0.000227,77,0.000392,False
Conut - Tyre,PEACH ICED TEA,Hot and Cold Drinks,TEA FLAVORS,other_beverage,29.0,12097702.54,0.002197,36,0.00379,False
Conut - Tyre,RASPBERRY ICED TEA,Hot and Cold Drinks,TEA FLAVORS,other_beverage,10.0,4171621.57,0.000758,51,0.001307,False
Conut - Tyre,ADD ICE CREAM,Extras and Sides,Extras and Sides,core_food,183.0,87246485.32,0.015846,19,0.023918,True
Conut - Tyre,DELIVERY CHARGE,Delivery Service,Delivery,core_food,83.0,19785405.14,0.003594,32,0.010848,True
Conut - Tyre,PISTACHIO SPREAD CONUT.,Free Conut Spreads,Free Conut Spreads,core_food,4.0,121837.83,2.2e-05,107,0.000523,True
Conut - Tyre,PISTACHIO SPREAD CHIMNEY.,Free Chimney Cake Spreads,Free Chimney Cake Spreads,core_food,11.0,655540.53,0.000119,88,0.001438,True
Conut - Tyre,CLASSIC CHIMNEY,ITEMS,ITEMS,core_food,301.0,179379731.76,0.03258,9,0.039341,True
Conut - Tyre,MINI THE ONE,ITEMS,ITEMS,core_food,254.0,128832920.78,0.023399,12,0.033198,True
Conut - Tyre,MINI THE ORIGINAL,ITEMS,ITEMS,core_food,184.0,87723242.07,0.015933,18,0.024049,True
Conut - Tyre,CONUT THE ORIGINAL,ITEMS,ITEMS,core_food,380.0,328617838.79,0.059686,5,0.049667,True
Conut - Tyre,CHIMNEY THE ORIGINAL,ITEMS,ITEMS,core_food,140.0,166864864.7,0.030307,10,0.018298,True
Conut - Tyre,CONUT THE ONE,ITEMS,ITEMS,core_food,680.0,607864866.76,0.110404,2,0.088877,True
Conut - Tyre,CHIMNEY THE ONE,ITEMS,ITEMS,core_food,635.0,794693917.66,0.144337,1,0.082996,True
Conut - Tyre,MINI PISTACHIO,ITEMS,ITEMS,core_food,134.0,83938325.09,0.015245,20,0.017514,True
Conut - Tyre,CONUT PISTACHIO,ITEMS,ITEMS,core_food,326.0,330273243.63,0.059986,4,0.042609,True
Conut - Tyre,CHIMNEY PISTACHIO,ITEMS,ITEMS,core_food,227.0,324671350.36,0.058969,6,0.029669,True
Conut - Tyre,MINI BOSTON CHEESECAKE,ITEMS,ITEMS,core_food,61.0,32717432.0,0.005942,27,0.007973,True
Conut - Tyre,CONUT BOSTON CHEESECAKE,ITEMS,ITEMS,core_food,121.0,111849783.99,0.020315,13,0.015815,True
Conut - Tyre,CHIMNEY BOSTON CHEESECAKE,ITEMS,ITEMS,core_food,60.0,78664864.7,0.014288,21,0.007842,True
Conut - Tyre,MINI BERRY MIX,ITEMS,ITEMS,core_food,102.0,51736054.8,0.009397,25,0.013332,True
Conut - Tyre,CONUT BERRY MIX,ITEMS,ITEMS,core_food,228.0,203813514.15,0.037018,8,0.0298,True
Conut - Tyre,CHIMNEY BERRY MIX,ITEMS,ITEMS,core_food,86.0,107627837.67,0.019548,15,0.01124,True
Conut - Tyre,ICE CREAM BOWL,ITEMS,ITEMS,core_food,266.0,158521623.42,0.028792,11,0.034767,True
Conut - Tyre,CONUT BITES,ITEMS,ITEMS,core_food,114.0,74731622.3,0.013573,22,0.0149,True
Conut - Tyre,CINNAMON SUGAR RINGS,ITEMS,ITEMS,core_food,22.0,9177567.45,0.001667,40,0.002875,True
Conut - Tyre,CHOCOLATE CHIPS RINGS,ITEMS,ITEMS,core_food,5.0,2383783.75,0.000433,63,0.000654,True
Conut - Tyre,CONUT TRIPLE CHOCOLATE,ITEMS,ITEMS,core_food,422.0,390087676.4,0.07085,3,0.055156,True
Conut - Tyre,MINI TRIPLE CHOCOLATE,ITEMS,ITEMS,core_food,169.0,90643377.17,0.016463,16,0.022089,True
Conut - Tyre,CHIMNEY TRIPLE CHOCOLATE,ITEMS,ITEMS,core_food,225.0,294993242.62,0.053579,7,0.029408,True
Conut - Tyre,CHIMNEY COMBO.,ITEMS,ITEMS,core_food,18.0,70798378.86,0.012859,23,0.002353,True
Conut - Tyre,CONUT COMBO,ITEMS,ITEMS,core_food,33.0,90464594.36,0.016431,17,0.004313,True
Conut - Tyre,THE SHARING BOX.,ITEMS,ITEMS,core_food,66.0,110130811.28,0.020003,14,0.008626,True
Conut - Tyre,TIRAMISU MINI CONUT,ITEMS,ITEMS,core_food,14.0,8343243.34,0.001515,42,0.00183,True
Conut - Tyre,TIRAMISU CONUT,ITEMS,ITEMS,core_food,33.0,31465946.01,0.005715,28,0.004313,True
Conut - Tyre,TIRAMISU CHIMNEY,ITEMS,ITEMS,core_food,43.0,56376486.37,0.010239,24,0.00562,True
Conut - Tyre,NUTELLA SPREAD MINI,EXTRA MINI SPREAD,EXTRA MINI SPREAD,core_food,6.0,357567.56,6.5e-05,97,0.000784,True
Conut - Tyre,NUTELLA SPREAD CONUT,EXTRA CONUT SPREAD,EXTRA CONUT SPREAD,core_food,16.0,1440864.84,0.000262,75,0.002091,True
Conut - Tyre,LOTUS SPREAD CONUT,EXTRA CONUT SPREAD,EXTRA CONUT SPREAD,core_food,3.0,270162.16,4.9e-05,100,0.000392,True
Conut - Tyre,WHITE CHOCOLATE SPREAD CONUT,EXTRA CONUT SPREAD,EXTRA CONUT SPREAD,core_food,2.0,180108.1,3.3e-05,105,0.000261,True
Conut - Tyre,PISTACHIO SPREAD CONUT,EXTRA CONUT SPREAD,EXTRA CONUT SPREAD,core_food,1.0,119189.19,2.2e-05,108,0.000131,True
Conut - Tyre,NUTELLA SPREAD CHIMNEY,EXTRA CHIMNEY SPREAD,EXTRA CHIMNEY SPREAD,core_food,16.0,2860540.5,0.00052,59,0.002091,True
Conut - Tyre,LOTUS SPREAD CHIMNEY,EXTRA CHIMNEY SPREAD,EXTRA CHIMNEY SPREAD,core_food,11.0,1966621.6,0.000357,65,0.001438,True
Conut - Tyre,WHITE CHOCOLATE SPREAD CHIMNEY,EXTRA CHIMNEY SPREAD,EXTRA CHIMNEY SPREAD,core_food,2.0,357567.56,6.5e-05,97,0.000261,True
Conut - Tyre,PISTACHIO SPREAD CHIMNEY,EXTRA CHIMNEY SPREAD,EXTRA CHIMNEY SPREAD,core_food,2.0,476756.75,8.7e-05,91,0.000261,True
Conut - Tyre,CRUSHED OREO (R),MINI/CONUT/BOWL TOPPINGS,MINI/CONUT/BOWL TOPPINGS,core_food,1.0,90054.05,1.6e-05,109,0.000131,True
Conut - Tyre,BROWNIES (R),MINI/CONUT/BOWL TOPPINGS,MINI/CONUT/BOWL TOPPINGS,core_food,8.0,720432.42,0.000131,85,0.001046,True
Conut - Tyre,CRISPY CREPE (R),MINI/CONUT/BOWL TOPPINGS,MINI/CONUT/BOWL TOPPINGS,core_food,1.0,90054.05,1.6e-05,109,0.000131,True
Conut - Tyre,STRAWBERRIES (R),MINI/CONUT/BOWL TOPPINGS,MINI/CONUT/BOWL TOPPINGS,core_food,17.0,1530918.89,0.000278,74,0.002222,True
Conut - Tyre,BLUEBERRIES (P),MINI/CONUT/BOWL TOPPINGS,MINI/CONUT/BOWL TOPPINGS,core_food,2.0,238378.38,4.3e-05,102,0.000261,True
Conut - Tyre,RASPBERRIES (P),MINI/CONUT/BOWL TOPPINGS,MINI/CONUT/BOWL TOPPINGS,core_food,3.0,357567.56,6.5e-05,97,0.000392,True
Conut - Tyre,SPRINKLES (R),MINI/CONUT/BOWL TOPPINGS,MINI/CONUT/BOWL TOPPINGS,core_food,4.0,360216.21,6.5e-05,96,0.000523,True
Conut - Tyre,DARK CHOCOLATE SAUCE (R),MINI/CONUT/BOWL TOPPINGS,MINI/CONUT/BOWL TOPPINGS,core_food,1.0,90054.05,1.6e-05,109,0.000131,True
Conut - Tyre,CARAMEL SAUCE (R),MINI/CONUT/BOWL TOPPINGS,MINI/CONUT/BOWL TOPPINGS,core_food,1.0,90054.05,1.6e-05,109,0.000131,True
Conut - Tyre,PASSION FRUIT SAUCE (P),MINI/CONUT/BOWL TOPPINGS,MINI/CONUT/BOWL TOPPINGS,core_food,2.0,238378.38,4.3e-05,102,0.000261,True
Conut - Tyre,SALTED CARAMEL SAUCE (R),MINI/CONUT/BOWL TOPPINGS,MINI/CONUT/BOWL TOPPINGS,core_food,1.0,90054.05,1.6e-05,109,0.000131,True
Conut - Tyre,NUTELLA SAUCE (R),MINI/CONUT/BOWL TOPPINGS,MINI/CONUT/BOWL TOPPINGS,core_food,3.0,270162.16,4.9e-05,100,0.000392,True
Conut - Tyre,PISTACHIO SAUCE (P),MINI/CONUT/BOWL TOPPINGS,MINI/CONUT/BOWL TOPPINGS,core_food,1.0,119189.19,2.2e-05,108,0.000131,True
Conut - Tyre,"WHITE CHOCOLATE SAUCE, (R)",MINI/CONUT/BOWL TOPPINGS,MINI/CONUT/BOWL TOPPINGS,core_food,1.0,90054.05,1.6e-05,109,0.000131,True
Conut - Tyre,LOTUS SAUCE (R),MINI/CONUT/BOWL TOPPINGS,MINI/CONUT/BOWL TOPPINGS,core_food,1.0,90054.05,1.6e-05,109,0.000131,True
Conut - Tyre,FRUIT LOOPS (R),MINI/CONUT/BOWL TOPPINGS,MINI/CONUT/BOWL TOPPINGS,core_food,1.0,90054.05,1.6e-05,109,0.000131,True
Conut - Tyre,CHERRY JAM (P),MINI/CONUT/BOWL TOPPINGS,MINI/CONUT/BOWL TOPPINGS,core_food,2.0,238378.38,4.3e-05,102,0.000261,True
Conut - Tyre,GUMMY BEARS (R),MINI/CONUT/BOWL TOPPINGS,MINI/CONUT/BOWL TOPPINGS,core_food,1.0,90054.05,1.6e-05,109,0.000131,True
Conut - Tyre,MARSHMALLOWS (R),MINI/CONUT/BOWL TOPPINGS,MINI/CONUT/BOWL TOPPINGS,core_food,6.0,540324.31,9.8e-05,89,0.000784,True
Conut - Tyre,CRUSHED OREO.,CHIMNEY TOPPINGS,CHIMNEY TOPPINGS,core_food,30.0,5363513.44,0.000974,49,0.003921,True
Conut - Tyre,CRUSHED LOTUS.,CHIMNEY TOPPINGS,CHIMNEY TOPPINGS,core_food,14.0,2502972.94,0.000455,62,0.00183,True
Conut - Tyre,CRISPY CREPE.,CHIMNEY TOPPINGS,CHIMNEY TOPPINGS,core_food,4.0,715135.13,0.00013,86,0.000523,True
Conut - Tyre,BROWNIES.,CHIMNEY TOPPINGS,CHIMNEY TOPPINGS,core_food,36.0,6436216.13,0.001169,47,0.004705,True
Conut - Tyre,STRAWBERRY.,CHIMNEY TOPPINGS,CHIMNEY TOPPINGS,core_food,168.0,30035675.28,0.005455,29,0.021958,True
Conut - Tyre,SPRINKLES.,CHIMNEY TOPPINGS,CHIMNEY TOPPINGS,core_food,8.0,1430270.25,0.00026,76,0.001046,True
Conut - Tyre,BLUEBERRIES.,CHIMNEY TOPPINGS,CHIMNEY TOPPINGS,core_food,43.0,10250270.13,0.001862,38,0.00562,True
Conut - Tyre,RASPBERRIES.,CHIMNEY TOPPINGS,CHIMNEY TOPPINGS,core_food,15.0,3575675.63,0.000649,53,0.001961,True
Conut - Tyre,PEANUT BUTTER CUPS.,CHIMNEY TOPPINGS,CHIMNEY TOPPINGS,core_food,2.0,476756.75,8.7e-05,91,0.000261,True
Conut - Tyre,DARK CHOCOLATE SAUCE.,CHIMNEY TOPPINGS,CHIMNEY TOPPINGS,core_food,9.0,1609054.03,0.000292,72,0.001176,True
Conut - Tyre,NUTELLA SAUCE.,CHIMNEY TOPPINGS,CHIMNEY TOPPINGS,core_food,65.0,11620945.79,0.002111,37,0.008496,True
Conut - Tyre,LOTUS SAUCE.,CHIMNEY TOPPINGS,CHIMNEY TOPPINGS,core_food,19.0,3396891.85,0.000617,54,0.002483,True
Conut - Tyre,WHIPPED  CREAM.,CHIMNEY TOPPINGS,CHIMNEY TOPPINGS,core_food,8.0,1907027.0,0.000346,66,0.001046,True
Conut - Tyre,CARAMEL SAUCE.,CHIMNEY TOPPINGS,CHIMNEY TOPPINGS,core_food,4.0,715135.13,0.00013,86,0.000523,True
Conut - Tyre,PISTACHIO SAUCE.,CHIMNEY TOPPINGS,CHIMNEY TOPPINGS,core_food,25.0,5959459.38,0.001082,48,0.003268,True
Conut - Tyre,DARK CHOCOLATE CHIPS.,CHIMNEY TOPPINGS,CHIMNEY TOPPINGS,core_food,8.0,1907027.0,0.000346,66,0.001046,True
Conut - Tyre,FRUIT LOOPS.,CHIMNEY TOPPINGS,CHIMNEY TOPPINGS,core_food,5.0,893918.91,0.000162,81,0.000654,True
Conut - Tyre,GRANOLA BERRIES.,CHIMNEY TOPPINGS,CHIMNEY TOPPINGS,core_food,2.0,476756.75,8.7e-05,91,0.000261,True
Conut - Tyre,RASPBERRY JAM.,CHIMNEY TOPPINGS,CHIMNEY TOPPINGS,core_food,1.0,238378.38,4.3e-05,102,0.000131,True
Conut - Tyre,CHERRY JAM.,CHIMNEY TOPPINGS,CHIMNEY TOPPINGS,core_food,1.0,238378.38,4.3e-05,102,0.000131,True
Conut - Tyre,GUMMY BEARS.,CHIMNEY TOPPINGS,CHIMNEY TOPPINGS,core_food,16.0,2860540.5,0.00052,59,0.002091,True
Conut - Tyre,MARSHMALLOWS.,CHIMNEY TOPPINGS,CHIMNEY TOPPINGS,core_food,29.0,5184729.66,0.000942,50,0.00379,True
Conut - Tyre,SALTED PRETZELS.,CHIMNEY TOPPINGS,CHIMNEY TOPPINGS,core_food,2.0,357567.56,6.5e-05,97,0.000261,True
Conut - Tyre,NUTELLA DIP (R),EXTRA DIP,EXTRA DIP,core_food,6.0,715135.13,0.00013,86,0.000784,True
Conut - Tyre,LOTUS DIP (R),EXTRA DIP,EXTRA DIP,core_food,1.0,119189.19,2.2e-05,108,0.000131,True
Conut - Tyre,WHITE CHOCOLATE DIP (R),EXTRA DIP,EXTRA DIP,core_food,2.0,238378.38,4.3e-05,102,0.000261,True
Conut - Tyre,CARAMEL DIP (R),EXTRA DIP,EXTRA DIP,core_food,2.0,238378.38,4.3e-05,102,0.000261,True
Conut - Tyre,DARK CHOCOLATE DIP (R),EXTRA DIP,EXTRA DIP,core_food,3.0,357567.56,6.5e-05,97,0.000392,True
Conut - Tyre,PISTACHIO DIP (P),EXTRA DIP,EXTRA DIP,core_food,5.0,1191891.88,0.000216,78,0.000654,True
Conut - Tyre,RASPBERRY JAM DIP (P),EXTRA DIP,EXTRA DIP,core_food,1.0,238378.38,4.3e-05,102,0.000131,True
Conut - Tyre,CHERRY JAM DIP (P),EXTRA DIP,EXTRA DIP,core_food,2.0,476756.75,8.7e-05,91,0.000261,True
Conut - Tyre,PISTACHIO SPREAD MINI.,free mini spread,FREE MINI SPREAD,core_food,4.0,121837.83,2.2e-05,107,0.000523,True
Conut - Tyre,"BLUEBERRIES, (P)",FREE CONUT TOP,FREE CONUT TOP,core_food,58.0,1766648.59,0.000321,70,0.007581,True
Conut - Tyre,WHIPPED CREAM . (P),FREE CONUT TOP,FREE CONUT TOP,core_food,8.0,243675.67,4.4e-05,101,0.001046,True
Conut - Tyre,"RASPBERRIES, (P)",FREE CONUT TOP,FREE CONUT TOP,core_food,15.0,456891.88,8.3e-05,92,0.001961,True
Conut - Tyre,"DARK CHOCOLATE CHIPS, (P)",FREE CONUT TOP,FREE CONUT TOP,core_food,25.0,761486.46,0.000138,84,0.003268,True
Conut - Tyre,"GRANOLA BERRIES, (P)",FREE CONUT TOP,FREE CONUT TOP,core_food,22.0,670108.08,0.000122,87,0.002875,True
Conut - Tyre,"PEANUT BUTTER CUP , (P)",FREE CONUT TOP,FREE CONUT TOP,core_food,4.0,121837.83,2.2e-05,107,0.000523,True
Conut - Tyre,PISTACHIO SAUCE . (P),FREE CONUT TOP,FREE CONUT TOP,core_food,95.0,2893648.55,0.000526,58,0.012417,True
Conut - Tyre,"PASSION FRUITS SAUCE ,(P)",FREE CONUT TOP,FREE CONUT TOP,core_food,9.0,274135.13,5e-05,99,0.001176,True
Conut - Tyre,"RASPBERRY JAM , (P)",FREE CONUT TOP,FREE CONUT TOP,core_food,13.0,395972.96,7.2e-05,94,0.001699,True
Conut - Tyre,"CHERRY JAM, (P)",FREE CONUT TOP,FREE CONUT TOP,core_food,6.0,182756.75,3.3e-05,104,0.000784,True
Conut - Tyre,SWITCH TO ICE CREAM,FREE CONUT TOP,FREE CONUT TOP,core_food,20.0,7151351.26,0.001299,45,0.002614,True
Conut - Tyre,"BLUEBERRIES , (P)",FREE CHIMNEY TOP,FREE CHIMNEY TOP,core_food,27.0,1609054.03,0.000292,72,0.003529,True
Conut - Tyre,"RASPBERRIES ,(P)",FREE CHIMNEY TOP,FREE CHIMNEY TOP,core_food,4.0,238378.38,4.3e-05,102,0.000523,True
Conut - Tyre,"DARK CHOCOLATE CHIPS ,(P)",FREE CHIMNEY TOP,FREE CHIMNEY TOP,core_food,7.0,417162.16,7.6e-05,93,0.000915,True
Conut - Tyre,"GRANOLA BERRIES ,(P)",FREE CHIMNEY TOP,FREE CHIMNEY TOP,core_food,1.0,59594.59,1.1e-05,111,0.000131,True
Conut - Tyre,"WHIPPED CREAM,",FREE CHIMNEY TOP,FREE CHIMNEY TOP,core_food,3.0,178783.78,3.2e-05,106,0.000392,True
Conut - Tyre,"PISTACHIO SAUCE ,(P)",FREE CHIMNEY TOP,FREE CHIMNEY TOP,core_food,63.0,3754459.41,0.000682,52,0.008234,True
Conut - Tyre,"PASSION FRUIT SAUCE,(P)",FREE CHIMNEY TOP,FREE CHIMNEY TOP,core_food,1.0,59594.59,1.1e-05,111,0.000131,True
Conut - Tyre,"RASPBERRY JAM,(P)",FREE CHIMNEY TOP,FREE CHIMNEY TOP,core_food,4.0,238378.38,4.3e-05,102,0.000523,True
Conut - Tyre,"CHERRY JAM ,(P)",FREE CHIMNEY TOP,FREE CHIMNEY TOP,core_food,2.0,119189.19,2.2e-05,108,0.000261,True
Conut - Tyre,"SWITCH TO ICE CREAM,",FREE CHIMNEY TOP,FREE CHIMNEY TOP,core_food,7.0,1668648.63,0.000303,71,0.000915,True
Conut - Tyre,BLUEBERRIES .(P),FREE MINI TOP,FREE MINI TOP,core_food,9.0,243675.67,4.4e-05,101,0.001176,True
Conut - Tyre,RASPBERRIES .(P),FREE MINI TOP,FREE MINI TOP,core_food,2.0,60918.92,1.1e-05,110,0.000261,True
Conut - Tyre,DARK CHOCOLATE CHIPS .(P),FREE MINI TOP,FREE MINI TOP,core_food,7.0,213216.21,3.9e-05,103,0.000915,True
Conut - Tyre,GRANOLA BERRIES .(P),FREE MINI TOP,FREE MINI TOP,core_food,0.0,0.0,0.0,113,0.0,True
Conut - Tyre,"WHIPPED CREAM ,(P)",FREE MINI TOP,FREE MINI TOP,core_food,1.0,30459.46,6e-06,112,0.000131,True
Conut - Tyre,"PISTACHIO SAUCE,(P)",FREE MINI TOP,FREE MINI TOP,core_food,27.0,791945.92,0.000144,82,0.003529,True
Conut - Tyre,CHERRY JAM .(P),FREE MINI TOP,FREE MINI TOP,core_food,2.0,30459.46,6e-06,112,0.000261,True
Conut - Tyre,switch to ice cream.,FREE MINI TOP,FREE MINI TOP,core_food,4.0,1430270.25,0.00026,76,0.000523,True
Conut - Tyre,CHERRY JAM DIP.(P),free dip,free dip,core_food,3.0,357567.56,6.5e-05,97,0.000392,True
Conut - Tyre,PISTACHIO DIP.(P),free dip,free dip,core_food,3.0,357567.56,6.5e-05,97,0.000392,True
Conut - Tyre,PASSION FRUITS DIP.(P),free dip,free dip,core_food,2.0,238378.38,4.3e-05,102,0.000261,True
Conut - Tyre,TOASTED MARSHMALLOWS,MARSHMALLOW OPTIONS,MARSHMALLOW OPTIONS,core_food,2.0,238378.38,4.3e-05,102,0.000261,True
Conut - Tyre,HOT CHOCOLATE,CONUT''S FAVORITE,CONUT''S FAVORITE,core_food,4.0,1907027.0,0.000346,66,0.000523,True
Conut - Tyre,MATCHA LATTE,CONUT''S FAVORITE,CONUT''S FAVORITE,core_food,3.0,1787837.86,0.000325,68,0.000392,True
Conut - Tyre,AFFOGATO,CONUT''S FAVORITE,CONUT''S FAVORITE,core_food,1.0,536351.34,9.7e-05,90,0.000131,True
Conut,AMERICAN COFFEE,Hot-Coffee Based,Hot-Coffee Based,coffee_hot,3.0,1072702.69,0.000244,76,0.000446,False
Conut,CAPPUCCINO,Hot-Coffee Based,Hot-Coffee Based,coffee_hot,3.0,1251486.47,0.000285,71,0.000446,False
Conut,CAFFE LATTE,Hot-Coffee Based,Hot-Coffee Based,coffee_hot,19.0,7926080.98,0.001805,34,0.002827,False
Conut,CAFE MOCHA,Hot-Coffee Based,Hot-Coffee Based,coffee_hot,9.0,4564946.01,0.00104,43,0.001339,False
Conut,CARAMEL MACHIATO,Hot-Coffee Based,Hot-Coffee Based,coffee_hot,5.0,2681756.72,0.000611,52,0.000744,False
Conut,CAFFE AMERICANO,Hot-Coffee Based,Hot-Coffee Based,coffee_hot,16.0,4264324.26,0.000971,45,0.002381,False
Conut,SINGLE ESPRESSO,Hot-Coffee Based,Hot-Coffee Based,coffee_hot,7.0,1668648.63,0.00038,62,0.001042,False
Conut,DOUBLE ESPRESSO,Hot-Coffee Based,Hot-Coffee Based,coffee_hot,31.0,10181405.25,0.002318,31,0.004613,False
Conut,WHITE MOCHA,Hot-Coffee Based,Hot-Coffee Based,coffee_hot,4.0,2028864.89,0.000462,58,0.000595,False
Conut,FLAT WHITE,Hot-Coffee Based,Hot-Coffee Based,coffee_hot,3.0,1164081.06,0.000265,73,0.000446,False
Conut,WHIPPED CREAM,Bev Add-ons,Bev Add-ons,core_food,4.0,476756.75,0.000109,89,0.000595,True
Conut,"CARAMEL  SAUCE,",Bev Add-ons,Bev Add-ons,core_food,4.0,360216.21,8.2e-05,93,0.000595,True
Conut,VANILLA SYRUP,Bev Add-ons,Bev Add-ons,core_food,3.0,270162.16,6.2e-05,97,0.000446,True
Conut,EXTRA ESPRESSO SHOT,Bev Add-ons,Bev Add-ons,core_food,1.0,90054.05,2.1e-05,106,0.000149,True
Conut,MOCHA FRAPPE,Frappes,Frappes,coffee_cold,14.0,7508918.82,0.00171,35,0.002083,False
Conut,CARAMEL MOCHA FRAPPE,Frappes,Frappes,coffee_cold,3.0,1609054.03,0.000366,63,0.000446,False
Conut,HAZELNUT MOCHA FRAPPE,Frappes,Frappes,coffee_cold,2.0,1072702.69,0.000244,76,0.000298,False
Conut,CARAMEL FRAPPE,Frappes,Frappes,coffee_cold,8.0,4290810.75,0.000977,44,0.00119,False
Conut,VANILLA FRAPPE,Frappes,Frappes,coffee_cold,2.0,1072702.69,0.000244,76,0.000298,False
Conut,WHITE MOCHA FRAPPE,Frappes,Frappes,coffee_cold,4.0,2145405.38,0.000489,56,0.000595,False
Conut,SALTED CARAMEL FRAPPE,Frappes,Frappes,coffee_cold,2.0,1072702.69,0.000244,76,0.000298,False
Conut,ESPRESSO FRAPPE,Frappes,Frappes,coffee_cold,2.0,895243.23,0.000204,79,0.000298,False
Conut,TOFFEE NUT FRAPPE,Frappes,Frappes,coffee_cold,1.0,536351.34,0.000122,87,0.000149,False
Conut,VANILLA MILKSHAKE,Shakes,Shakes,milkshake,14.0,7508918.82,0.00171,35,0.002083,False
Conut,OREO MILKSHAKE,Shakes,Shakes,milkshake,19.0,13587567.67,0.003094,29,0.002827,False
Conut,STRAWBERRY MILKSHAKE,Shakes,Shakes,milkshake,12.0,8581621.68,0.001954,33,0.001786,False
Conut,SALTED CARAMEL MILKSHAKE,Shakes,Shakes,milkshake,8.0,6197837.87,0.001411,38,0.00119,False
Conut,PISTACHIO MILKSHAKE,Shakes,Shakes,milkshake,4.0,3575675.69,0.000814,47,0.000595,False
Conut,GRANOLA BERRIES MILKSHAKE,Shakes,Shakes,milkshake,2.0,1549459.47,0.000353,64,0.000298,False
Conut,DOUBLE CHOCOLATE MILKSHAKE,Shakes,Shakes,milkshake,4.0,3098918.94,0.000706,48,0.000595,False
Conut,FRUIT LOOPS MILKSHAKE,Shakes,Shakes,milkshake,1.0,774729.73,0.000176,81,0.000149,False
Conut,TOFFEE NUT MILKSHAKE,Shakes,Shakes,milkshake,3.0,2324189.2,0.000529,53,0.000446,False
Conut,ICED CHOCOLATE,Hot and Cold Drinks,Hot and Cold Drinks,other_beverage,3.0,1342864.84,0.000306,69,0.000446,False
Conut,WATER,Hot and Cold Drinks,Hot and Cold Drinks,other_beverage,907.0,72069724.84,0.016411,17,0.13497,False
Conut,VIA SPARKLING WATER,Hot and Cold Drinks,Hot and Cold Drinks,other_beverage,24.0,4290810.75,0.000977,44,0.003571,False
Conut,MANGO PASSION,Hot and Cold Drinks,Hot and Cold Drinks,other_beverage,22.0,9177567.45,0.00209,32,0.003274,False
Conut,MELON PASSION,Hot and Cold Drinks,Hot and Cold Drinks,other_beverage,7.0,2920135.1,0.000665,50,0.001042,False
Conut,WILD BERRIES,Hot and Cold Drinks,Hot and Cold Drinks,other_beverage,13.0,5423108.04,0.001235,41,0.001935,False
Conut,WILD BERRIES PASSION,Hot and Cold Drinks,Hot and Cold Drinks,other_beverage,2.0,834324.31,0.00019,80,0.000298,False
Conut,EARL GREY,Hot and Cold Drinks,TEA FLAVORS,other_beverage,1.0,297972.97,6.8e-05,96,0.000149,False
Conut,GREEN TEA,Hot and Cold Drinks,TEA FLAVORS,other_beverage,2.0,595945.94,0.000136,85,0.000298,False
Conut,PEPPERMINT TEA,Hot and Cold Drinks,TEA FLAVORS,other_beverage,1.0,297972.97,6.8e-05,96,0.000149,False
Conut,PEACH ICED TEA,Hot and Cold Drinks,TEA FLAVORS,other_beverage,7.0,2920135.1,0.000665,50,0.001042,False
Conut,RASPBERRY ICED TEA,Hot and Cold Drinks,TEA FLAVORS,other_beverage,3.0,1251486.47,0.000285,71,0.000446,False
Conut,ADD ICE CREAM,Extras and Sides,Extras and Sides,core_food,324.0,154469187.13,0.035175,9,0.048214,True
Conut,DELIVERY CHARGE,Delivery Service,Delivery,core_food,216.0,51489729.04,0.011725,20,0.032143,True
Conut,PISTACHIO SPREAD CONUT.,Free Conut Spreads,Free Conut Spreads,core_food,7.0,213216.21,4.9e-05,99,0.001042,True
Conut,PISTACHIO SPREAD CHIMNEY.,Free Chimney Cake Spreads,Free Chimney Cake Spreads,core_food,19.0,1132297.28,0.000258,74,0.002827,True
Conut,CLASSIC CHIMNEY,ITEMS,ITEMS,core_food,260.0,154945947.7,0.035283,8,0.03869,True
Conut,MINI THE ONE,ITEMS,ITEMS,core_food,153.0,77604082.2,0.017672,15,0.022768,True
Conut,MINI THE ORIGINAL,ITEMS,ITEMS,core_food,100.0,47675675.04,0.010856,22,0.014881,True
Conut,CONUT THE ORIGINAL,ITEMS,ITEMS,core_food,374.0,323429136.08,0.073649,3,0.055655,True
Conut,CHIMNEY THE ORIGINAL,ITEMS,ITEMS,core_food,182.0,216924324.11,0.049397,5,0.027083,True
Conut,CONUT THE ONE,ITEMS,ITEMS,core_food,554.0,495231082.62,0.112771,2,0.08244,True
Conut,CHIMNEY THE ONE,ITEMS,ITEMS,core_food,870.0,1088793241.51,0.247934,1,0.129464,True
Conut,MINI PISTACHIO,ITEMS,ITEMS,core_food,36.0,22550594.8,0.005135,27,0.005357,True
Conut,CONUT PISTACHIO,ITEMS,ITEMS,core_food,104.0,105363243.37,0.023993,11,0.015476,True
Conut,CHIMNEY PISTACHIO,ITEMS,ITEMS,core_food,116.0,165911350.84,0.03778,7,0.017262,True
Conut,MINI BOSTON CHEESECAKE,ITEMS,ITEMS,core_food,40.0,21454053.77,0.004885,28,0.005952,True
Conut,CONUT BOSTON CHEESECAKE,ITEMS,ITEMS,core_food,82.0,75799027.17,0.017261,16,0.012202,True
Conut,CHIMNEY BOSTON CHEESECAKE,ITEMS,ITEMS,core_food,75.0,98331080.87,0.022391,12,0.011161,True
Conut,MINI BERRY MIX,ITEMS,ITEMS,core_food,49.0,24853594.95,0.00566,25,0.007292,True
Conut,CONUT BERRY MIX,ITEMS,ITEMS,core_food,134.0,119785135.51,0.027277,10,0.01994,True
Conut,CHIMNEY BERRY MIX,ITEMS,ITEMS,core_food,67.0,83849594.46,0.019094,14,0.00997,True
Conut,ICE CREAM BOWL,ITEMS,ITEMS,core_food,142.0,84624325.28,0.01927,13,0.021131,True
Conut,CONUT BITES,ITEMS,ITEMS,core_food,61.0,39987973.34,0.009106,23,0.009077,True
Conut,CINNAMON SUGAR RINGS,ITEMS,ITEMS,core_food,5.0,2085810.78,0.000475,57,0.000744,True
Conut,CHOCOLATE CHIPS RINGS,ITEMS,ITEMS,core_food,2.0,953513.5,0.000217,77,0.000298,True
Conut,CONUT TRIPLE CHOCOLATE,ITEMS,ITEMS,core_food,184.0,170085621.94,0.038731,6,0.027381,True
Conut,MINI TRIPLE CHOCOLATE,ITEMS,ITEMS,core_food,48.0,25744864.52,0.005862,24,0.007143,True
Conut,CHIMNEY TRIPLE CHOCOLATE,ITEMS,ITEMS,core_food,167.0,218950540.08,0.049858,4,0.024851,True
Conut,CHIMNEY COMBO.,ITEMS,ITEMS,core_food,14.0,55065405.49,0.012539,19,0.002083,True
Conut,CONUT COMBO,ITEMS,ITEMS,core_food,18.0,49344324.2,0.011236,21,0.002679,True
Conut,THE SHARING BOX.,ITEMS,ITEMS,core_food,41.0,68414594.87,0.015579,18,0.006101,True
Conut,NUTELLA SPREAD MINI,EXTRA MINI SPREAD,EXTRA MINI SPREAD,core_food,1.0,59594.59,1.4e-05,108,0.000149,True
Conut,NUTELLA SPREAD CONUT,EXTRA CONUT SPREAD,EXTRA CONUT SPREAD,core_food,22.0,1981189.15,0.000451,60,0.003274,True
Conut,LOTUS SPREAD CONUT,EXTRA CONUT SPREAD,EXTRA CONUT SPREAD,core_food,7.0,630378.37,0.000144,83,0.001042,True
Conut,WHITE CHOCOLATE SPREAD CONUT,EXTRA CONUT SPREAD,EXTRA CONUT SPREAD,core_food,4.0,360216.21,8.2e-05,93,0.000595,True
Conut,PISTACHIO SPREAD CONUT,EXTRA CONUT SPREAD,EXTRA CONUT SPREAD,core_food,1.0,119189.19,2.7e-05,104,0.000149,True
Conut,NUTELLA SPREAD CHIMNEY,EXTRA CHIMNEY SPREAD,EXTRA CHIMNEY SPREAD,core_food,23.0,4112026.97,0.000936,46,0.003423,True
Conut,LOTUS SPREAD CHIMNEY,EXTRA CHIMNEY SPREAD,EXTRA CHIMNEY SPREAD,core_food,32.0,5721081.0,0.001303,40,0.004762,True
Conut,WHITE CHOCOLATE SPREAD CHIMNEY,EXTRA CHIMNEY SPREAD,EXTRA CHIMNEY SPREAD,core_food,13.0,2324189.16,0.000529,54,0.001935,True
Conut,PISTACHIO SPREAD CHIMNEY,EXTRA CHIMNEY SPREAD,EXTRA CHIMNEY SPREAD,core_food,3.0,715135.13,0.000163,82,0.000446,True
Conut,CRUSHED OREO (R),MINI/CONUT/BOWL TOPPINGS,MINI/CONUT/BOWL TOPPINGS,core_food,6.0,540324.31,0.000123,86,0.000893,True
Conut,CRUSHED LOTUS (R),MINI/CONUT/BOWL TOPPINGS,MINI/CONUT/BOWL TOPPINGS,core_food,2.0,180108.1,4.1e-05,101,0.000298,True
Conut,BROWNIES (R),MINI/CONUT/BOWL TOPPINGS,MINI/CONUT/BOWL TOPPINGS,core_food,10.0,900540.52,0.000205,78,0.001488,True
Conut,CRISPY CREPE (R),MINI/CONUT/BOWL TOPPINGS,MINI/CONUT/BOWL TOPPINGS,core_food,3.0,270162.16,6.2e-05,97,0.000446,True
Conut,STRAWBERRIES (R),MINI/CONUT/BOWL TOPPINGS,MINI/CONUT/BOWL TOPPINGS,core_food,33.0,2971783.72,0.000677,49,0.004911,True
Conut,BLUEBERRIES (P),MINI/CONUT/BOWL TOPPINGS,MINI/CONUT/BOWL TOPPINGS,core_food,15.0,1787837.81,0.000407,61,0.002232,True
Conut,RASPBERRIES (P),MINI/CONUT/BOWL TOPPINGS,MINI/CONUT/BOWL TOPPINGS,core_food,13.0,1549459.44,0.000353,65,0.001935,True
Conut,SPRINKLES (R),MINI/CONUT/BOWL TOPPINGS,MINI/CONUT/BOWL TOPPINGS,core_food,6.0,540324.31,0.000123,86,0.000893,True
Conut,WHIPPED  CREAM (P),MINI/CONUT/BOWL TOPPINGS,MINI/CONUT/BOWL TOPPINGS,core_food,3.0,357567.56,8.1e-05,94,0.000446,True
Conut,SALTED CARAMEL SAUCE (R),MINI/CONUT/BOWL TOPPINGS,MINI/CONUT/BOWL TOPPINGS,core_food,0.0,0.0,0.0,110,0.0,True
Conut,NUTELLA SAUCE (R),MINI/CONUT/BOWL TOPPINGS,MINI/CONUT/BOWL TOPPINGS,core_food,12.0,1080648.63,0.000246,75,0.001786,True
Conut,PISTACHIO SAUCE (P),MINI/CONUT/BOWL TOPPINGS,MINI/CONUT/BOWL TOPPINGS,core_food,1.0,119189.19,2.7e-05,104,0.000149,True
Conut,"WHITE CHOCOLATE SAUCE, (R)",MINI/CONUT/BOWL TOPPINGS,MINI/CONUT/BOWL TOPPINGS,core_food,5.0,450270.26,0.000103,91,0.000744,True
Conut,LOTUS SAUCE (R),MINI/CONUT/BOWL TOPPINGS,MINI/CONUT/BOWL TOPPINGS,core_food,3.0,270162.16,6.2e-05,97,0.000446,True
Conut,DARK CHOCOLATE CHIPS (P),MINI/CONUT/BOWL TOPPINGS,MINI/CONUT/BOWL TOPPINGS,core_food,2.0,238378.38,5.4e-05,98,0.000298,True
Conut,FRUIT LOOPS (R),MINI/CONUT/BOWL TOPPINGS,MINI/CONUT/BOWL TOPPINGS,core_food,4.0,360216.21,8.2e-05,93,0.000595,True
Conut,GRANOLA BERRIES (P),MINI/CONUT/BOWL TOPPINGS,MINI/CONUT/BOWL TOPPINGS,core_food,1.0,119189.19,2.7e-05,104,0.000149,True
Conut,RASPBERRY JAM (P),MINI/CONUT/BOWL TOPPINGS,MINI/CONUT/BOWL TOPPINGS,core_food,3.0,357567.56,8.1e-05,94,0.000446,True
Conut,CHERRY JAM (P),MINI/CONUT/BOWL TOPPINGS,MINI/CONUT/BOWL TOPPINGS,core_food,1.0,119189.19,2.7e-05,104,0.000149,True
Conut,GUMMY BEARS (R),MINI/CONUT/BOWL TOPPINGS,MINI/CONUT/BOWL TOPPINGS,core_food,7.0,630378.37,0.000144,83,0.001042,True
Conut,MARSHMALLOWS (R),MINI/CONUT/BOWL TOPPINGS,MINI/CONUT/BOWL TOPPINGS,core_food,6.0,540324.31,0.000123,86,0.000893,True
Conut,CRUSHED OREO.,CHIMNEY TOPPINGS,CHIMNEY TOPPINGS,core_food,38.0,6793783.69,0.001547,36,0.005655,True
Conut,CRUSHED LOTUS.,CHIMNEY TOPPINGS,CHIMNEY TOPPINGS,core_food,23.0,4112026.97,0.000936,46,0.003423,True
Conut,CRISPY CREPE.,CHIMNEY TOPPINGS,CHIMNEY TOPPINGS,core_food,2.0,357567.56,8.1e-05,94,0.000298,True
Conut,BROWNIES.,CHIMNEY TOPPINGS,CHIMNEY TOPPINGS,core_food,28.0,5005945.88,0.00114,42,0.004167,True
Conut,STRAWBERRY.,CHIMNEY TOPPINGS,CHIMNEY TOPPINGS,core_food,128.0,22884324.02,0.005211,26,0.019048,True
Conut,SPRINKLES.,CHIMNEY TOPPINGS,CHIMNEY TOPPINGS,core_food,6.0,1072702.69,0.000244,76,0.000893,True
Conut,BLUEBERRIES.,CHIMNEY TOPPINGS,CHIMNEY TOPPINGS,core_food,25.0,5959459.38,0.001357,39,0.00372,True
Conut,RASPBERRIES.,CHIMNEY TOPPINGS,CHIMNEY TOPPINGS,core_food,21.0,5005945.88,0.00114,42,0.003125,True
Conut,PEANUT BUTTER CUPS.,CHIMNEY TOPPINGS,CHIMNEY TOPPINGS,core_food,1.0,238378.38,5.4e-05,98,0.000149,True
Conut,SALTED CARAMEL SAUCE.,CHIMNEY TOPPINGS,CHIMNEY TOPPINGS,core_food,2.0,357567.56,8.1e-05,94,0.000298,True
Conut,DARK CHOCOLATE SAUCE.,CHIMNEY TOPPINGS,CHIMNEY TOPPINGS,core_food,3.0,536351.34,0.000122,87,0.000446,True
Conut,NUTELLA SAUCE.,CHIMNEY TOPPINGS,CHIMNEY TOPPINGS,core_food,67.0,11978513.35,0.002728,30,0.00997,True
Conut,LOTUS SAUCE.,CHIMNEY TOPPINGS,CHIMNEY TOPPINGS,core_food,16.0,2860540.5,0.000651,51,0.002381,True
Conut,WHIPPED  CREAM.,CHIMNEY TOPPINGS,CHIMNEY TOPPINGS,core_food,9.0,2145405.38,0.000489,56,0.001339,True
Conut,CARAMEL SAUCE.,CHIMNEY TOPPINGS,CHIMNEY TOPPINGS,core_food,6.0,1072702.69,0.000244,76,0.000893,True
Conut,PISTACHIO SAUCE.,CHIMNEY TOPPINGS,CHIMNEY TOPPINGS,core_food,6.0,1430270.25,0.000326,67,0.000893,True
Conut,DARK CHOCOLATE CHIPS.,CHIMNEY TOPPINGS,CHIMNEY TOPPINGS,core_food,3.0,715135.13,0.000163,82,0.000446,True
Conut,FRUIT LOOPS.,CHIMNEY TOPPINGS,CHIMNEY TOPPINGS,core_food,1.0,178783.78,4.1e-05,102,0.000149,True
Conut,GRANOLA BERRIES.,CHIMNEY TOPPINGS,CHIMNEY TOPPINGS,core_food,4.0,953513.5,0.000217,77,0.000595,True
Conut,RASPBERRY JAM.,CHIMNEY TOPPINGS,CHIMNEY TOPPINGS,core_food,2.0,476756.75,0.000109,89,0.000298,True
Conut,GUMMY BEARS.,CHIMNEY TOPPINGS,CHIMNEY TOPPINGS,core_food,7.0,1251486.47,0.000285,71,0.001042,True
Conut,MARSHMALLOWS.,CHIMNEY TOPPINGS,CHIMNEY TOPPINGS,core_food,8.0,1430270.25,0.000326,67,0.00119,True
Conut,SALTED PRETZELS.,CHIMNEY TOPPINGS,CHIMNEY TOPPINGS,core_food,2.0,357567.56,8.1e-05,94,0.000298,True
Conut,NUTELLA DIP (R),EXTRA DIP,EXTRA DIP,core_food,3.0,357567.56,8.1e-05,94,0.000446,True
Conut,LOTUS DIP (R),EXTRA DIP,EXTRA DIP,core_food,1.0,119189.19,2.7e-05,104,0.000149,True
Conut,CARAMEL DIP (R),EXTRA DIP,EXTRA DIP,core_food,2.0,238378.38,5.4e-05,98,0.000298,True
Conut,PASSION FRUIT DIP (P),EXTRA DIP,EXTRA DIP,core_food,1.0,238378.38,5.4e-05,98,0.000149,True
Conut,PISTACHIO DIP (P),EXTRA DIP,EXTRA DIP,core_food,3.0,715135.13,0.000163,82,0.000446,True
Conut,CHERRY JAM DIP (P),EXTRA DIP,EXTRA DIP,core_food,1.0,238378.38,5.4e-05,98,0.000149,True
Conut,PISTACHIO SPREAD MINI.,free mini spread,FREE MINI SPREAD,core_food,1.0,30459.46,7e-06,109,0.000149,True
Conut,"BLUEBERRIES, (P)",FREE CONUT TOP,FREE CONUT TOP,core_food,72.0,2193081.0,0.000499,55,0.010714,True
Conut,WHIPPED CREAM . (P),FREE CONUT TOP,FREE CONUT TOP,core_food,15.0,456891.88,0.000104,90,0.002232,True
Conut,"RASPBERRIES, (P)",FREE CONUT TOP,FREE CONUT TOP,core_food,41.0,1248837.79,0.000284,72,0.006101,True
Conut,"DARK CHOCOLATE CHIPS, (P)",FREE CONUT TOP,FREE CONUT TOP,core_food,17.0,517810.79,0.000118,88,0.00253,True
Conut,"GRANOLA BERRIES, (P)",FREE CONUT TOP,FREE CONUT TOP,core_food,14.0,426432.42,9.7e-05,92,0.002083,True
Conut,"PEANUT BUTTER CUP , (P)",FREE CONUT TOP,FREE CONUT TOP,core_food,7.0,213216.21,4.9e-05,99,0.001042,True
Conut,PISTACHIO SAUCE . (P),FREE CONUT TOP,FREE CONUT TOP,core_food,42.0,1279297.25,0.000291,70,0.00625,True
Conut,"RASPBERRY JAM , (P)",FREE CONUT TOP,FREE CONUT TOP,core_food,3.0,91378.38,2.1e-05,105,0.000446,True
Conut,"CHERRY JAM, (P)",FREE CONUT TOP,FREE CONUT TOP,core_food,5.0,152297.29,3.5e-05,103,0.000744,True
Conut,SWITCH TO ICE CREAM,FREE CONUT TOP,FREE CONUT TOP,core_food,18.0,6436216.13,0.001466,37,0.002679,True
Conut,"BLUEBERRIES , (P)",FREE CHIMNEY TOP,FREE CHIMNEY TOP,core_food,34.0,2026216.19,0.000461,59,0.00506,True
Conut,"RASPBERRIES ,(P)",FREE CHIMNEY TOP,FREE CHIMNEY TOP,core_food,23.0,1370675.66,0.000312,68,0.003423,True
Conut,"DARK CHOCOLATE CHIPS ,(P)",FREE CHIMNEY TOP,FREE CHIMNEY TOP,core_food,4.0,238378.38,5.4e-05,98,0.000595,True
Conut,"PEANUT BUTTER CUPS,(P)",FREE CHIMNEY TOP,FREE CHIMNEY TOP,core_food,6.0,357567.56,8.1e-05,94,0.000893,True
Conut,"WHIPPED CREAM,",FREE CHIMNEY TOP,FREE CHIMNEY TOP,core_food,5.0,297972.97,6.8e-05,96,0.000744,True
Conut,"PISTACHIO SAUCE ,(P)",FREE CHIMNEY TOP,FREE CHIMNEY TOP,core_food,35.0,2085810.78,0.000475,57,0.005208,True
Conut,"RASPBERRY JAM,(P)",FREE CHIMNEY TOP,FREE CHIMNEY TOP,core_food,1.0,59594.59,1.4e-05,108,0.000149,True
Conut,"CHERRY JAM ,(P)",FREE CHIMNEY TOP,FREE CHIMNEY TOP,core_food,0.0,0.0,0.0,110,0.0,True
Conut,"SWITCH TO ICE CREAM,",FREE CHIMNEY TOP,FREE CHIMNEY TOP,core_food,9.0,2145405.38,0.000489,56,0.001339,True
Conut,BLUEBERRIES .(P),FREE MINI TOP,FREE MINI TOP,core_food,6.0,182756.75,4.2e-05,100,0.000893,True
Conut,RASPBERRIES .(P),FREE MINI TOP,FREE MINI TOP,core_food,2.0,60918.92,1.4e-05,107,0.000298,True
Conut,DARK CHOCOLATE CHIPS .(P),FREE MINI TOP,FREE MINI TOP,core_food,2.0,60918.92,1.4e-05,107,0.000298,True
Conut,GRANOLA BERRIES .(P),FREE MINI TOP,FREE MINI TOP,core_food,1.0,30459.46,7e-06,109,0.000149,True
Conut,PEANUT BUTTER CUP .(P),FREE MINI TOP,FREE MINI TOP,core_food,1.0,30459.46,7e-06,109,0.000149,True
Conut,"WHIPPED CREAM ,(P)",FREE MINI TOP,FREE MINI TOP,core_food,6.0,182756.75,4.2e-05,100,0.000893,True
Conut,"PISTACHIO SAUCE,(P)",FREE MINI TOP,FREE MINI TOP,core_food,10.0,304594.58,6.9e-05,95,0.001488,True
Conut,RASPBERRY JAM .(P),FREE MINI TOP,FREE MINI TOP,core_food,1.0,30459.46,7e-06,109,0.000149,True
Conut,CHERRY JAM .(P),FREE MINI TOP,FREE MINI TOP,core_food,1.0,30459.46,7e-06,109,0.000149,True
Conut,DARK CHOCOLATE SAUCE .(R),FREE MINI TOP,FREE MINI TOP,core_food,0.0,0.0,0.0,110,0.0,True
Conut,switch to ice cream.,FREE MINI TOP,FREE MINI TOP,core_food,8.0,2860540.5,0.000651,51,0.00119,True
Conut,CHERRY JAM DIP.(P),free dip,free dip,core_food,1.0,119189.19,2.7e-05,104,0.000149,True
Conut,PISTACHIO DIP.(P),free dip,free dip,core_food,3.0,357567.56,8.1e-05,94,0.000446,True
Conut,TOASTED MARSHMALLOWS,MARSHMALLOW OPTIONS,MARSHMALLOW OPTIONS,core_food,2.0,238378.38,5.4e-05,98,0.000298,True
Conut,HOT CHOCOLATE,CONUT''S FAVORITE,CONUT''S FAVORITE,core_food,6.0,2860540.5,0.000651,51,0.000893,True
Conut,ICED SHAKEN ESPRESSO,CONUT''S FAVORITE,CONUT''S FAVORITE,core_food,3.0,1521648.67,0.000347,66,0.000446,True
Conut,MATCHA LATTE,CONUT''S FAVORITE,CONUT''S FAVORITE,core_food,1.0,595945.95,0.000136,84,0.000149,True
Conut Jnah,AMERICAN COFFEE,Hot-Coffee Based,Hot-Coffee Based,coffee_hot,46.0,16448107.89,0.002891,45,0.004533,False
Conut Jnah,CAPPUCCINO,Hot-Coffee Based,Hot-Coffee Based,coffee_hot,114.0,47556485.85,0.008359,27,0.011235,False
Conut Jnah,CAFFE LATTE,Hot-Coffee Based,Hot-Coffee Based,coffee_hot,156.0,65077296.41,0.011438,23,0.015374,False
Conut Jnah,CAFE MOCHA,Hot-Coffee Based,Hot-Coffee Based,coffee_hot,47.0,23839162.5,0.00419,40,0.004632,False
Conut Jnah,CARAMEL MACHIATO,Hot-Coffee Based,Hot-Coffee Based,coffee_hot,76.0,40762702.16,0.007165,31,0.00749,False
Conut Jnah,CAFFE AMERICANO,Hot-Coffee Based,Hot-Coffee Based,coffee_hot,66.0,20055567.27,0.003525,42,0.006504,False
Conut Jnah,SINGLE ESPRESSO,Hot-Coffee Based,Hot-Coffee Based,coffee_hot,131.0,31227567.15,0.005489,36,0.01291,False
Conut Jnah,DOUBLE ESPRESSO,Hot-Coffee Based,Hot-Coffee Based,coffee_hot,127.0,41710918.28,0.007331,30,0.012516,False
Conut Jnah,ESPRESSO MACCHIATO,Hot-Coffee Based,Hot-Coffee Based,coffee_hot,6.0,1970594.56,0.000346,83,0.000591,False
Conut Jnah,WHITE MOCHA,Hot-Coffee Based,Hot-Coffee Based,coffee_hot,15.0,7608243.35,0.001337,55,0.001478,False
Conut Jnah,FLAT WHITE,Hot-Coffee Based,Hot-Coffee Based,coffee_hot,8.0,3104216.17,0.000546,74,0.000788,False
Conut Jnah,HOT CHOCOLATE COMBO,Hot-Coffee Based,Hot-Coffee Based,coffee_hot,57.0,37743243.21,0.006634,33,0.005617,False
Conut Jnah,"CARAMEL  SAUCE,",Bev Add-ons,Bev Add-ons,core_food,20.0,1801081.04,0.000317,85,0.001971,True
Conut Jnah,CHOCOLATE SAUCE,Bev Add-ons,Bev Add-ons,core_food,14.0,1260756.73,0.000222,94,0.00138,True
Conut Jnah,HAZELNUT SYRUP,Bev Add-ons,Bev Add-ons,core_food,2.0,180108.1,3.2e-05,121,0.000197,True
Conut Jnah,VANILLA SYRUP,Bev Add-ons,Bev Add-ons,core_food,16.0,1440864.84,0.000253,92,0.001577,True
Conut Jnah,EXTRA ESPRESSO SHOT,Bev Add-ons,Bev Add-ons,core_food,2.0,180108.1,3.2e-05,121,0.000197,True
Conut Jnah,SWEETENED CREAM,Bev Add-ons,Bev Add-ons,core_food,1.0,90054.05,1.6e-05,125,9.9e-05,True
Conut Jnah,WHITE CHOCOLATE SAUCE,Bev Add-ons,Bev Add-ons,core_food,2.0,180108.1,3.2e-05,121,0.000197,True
Conut Jnah,WHITE CHOCOLATE FLAVOUR,Bev Add-ons,Bev Add-ons,core_food,2.0,180108.1,3.2e-05,121,0.000197,True
Conut Jnah,EXTRA DECAF ESPRESSO SHOT,Bev Add-ons,Bev Add-ons,core_food,1.0,90054.05,1.6e-05,125,9.9e-05,True
Conut Jnah,STRAWBERRY DRESSING,Bev Add-ons,Bev Add-ons,core_food,1.0,90054.05,1.6e-05,125,9.9e-05,True
Conut Jnah,SALTED CARAMEL SYRUP,Bev Add-ons,Bev Add-ons,core_food,2.0,180108.1,3.2e-05,121,0.000197,True
Conut Jnah,MOCHA FRAPPE,Frappes,Frappes,coffee_cold,24.0,12872432.26,0.002263,48,0.002365,False
Conut Jnah,CARAMEL MOCHA FRAPPE,Frappes,Frappes,coffee_cold,16.0,8581621.51,0.001508,53,0.001577,False
Conut Jnah,HAZELNUT MOCHA FRAPPE,Frappes,Frappes,coffee_cold,7.0,3754459.41,0.00066,72,0.00069,False
Conut Jnah,CARAMEL FRAPPE,Frappes,Frappes,coffee_cold,81.0,43444458.88,0.007636,28,0.007983,False
Conut Jnah,VANILLA FRAPPE,Frappes,Frappes,coffee_cold,11.0,5899864.79,0.001037,62,0.001084,False
Conut Jnah,WHITE MOCHA FRAPPE,Frappes,Frappes,coffee_cold,11.0,5899864.79,0.001037,62,0.001084,False
Conut Jnah,HAZELNUT FRAPPE,Frappes,Frappes,coffee_cold,7.0,3754459.41,0.00066,72,0.00069,False
Conut Jnah,MATCHA FRAPPE,Frappes,Frappes,coffee_cold,10.0,6264054.11,0.001101,59,0.000986,False
Conut Jnah,SALTED CARAMEL FRAPPE,Frappes,Frappes,coffee_cold,14.0,7508918.82,0.00132,56,0.00138,False
Conut Jnah,ESPRESSO FRAPPE,Frappes,Frappes,coffee_cold,7.0,3133351.31,0.000551,73,0.00069,False
Conut Jnah,TOFFEE NUT FRAPPE,Frappes,Frappes,coffee_cold,21.0,11263378.23,0.00198,50,0.00207,False
Conut Jnah,VANILLA MILKSHAKE,Shakes,Shakes,milkshake,46.0,24672161.83,0.004337,39,0.004533,False
Conut Jnah,OREO MILKSHAKE,Shakes,Shakes,milkshake,59.0,42192973.28,0.007416,29,0.005815,False
Conut Jnah,PEANUT BUTTER MILKSHAKE,Shakes,Shakes,milkshake,2.0,1549459.47,0.000272,89,0.000197,False
Conut Jnah,STRAWBERRY MILKSHAKE,Shakes,Shakes,milkshake,35.0,25029729.91,0.004399,38,0.003449,False
Conut Jnah,MATCHA MILKSHAKE,Shakes,Shakes,milkshake,6.0,5363513.53,0.000943,66,0.000591,False
Conut Jnah,SALTED CARAMEL MILKSHAKE,Shakes,Shakes,milkshake,12.0,9296756.81,0.001634,52,0.001183,False
Conut Jnah,PISTACHIO MILKSHAKE,Shakes,Shakes,milkshake,11.0,9833108.14,0.001728,51,0.001084,False
Conut Jnah,GRANOLA BERRIES MILKSHAKE,Shakes,Shakes,milkshake,4.0,3098918.94,0.000545,75,0.000394,False
Conut Jnah,DOUBLE CHOCOLATE MILKSHAKE,Shakes,Shakes,milkshake,19.0,14719864.95,0.002587,46,0.001872,False
Conut Jnah,FRUIT LOOPS MILKSHAKE,Shakes,Shakes,milkshake,3.0,2324189.2,0.000409,81,0.000296,False
Conut Jnah,TOFFEE NUT MILKSHAKE,Shakes,Shakes,milkshake,1.0,774729.73,0.000136,103,9.9e-05,False
Conut Jnah,ICED CHOCOLATE,Hot and Cold Drinks,Hot and Cold Drinks,other_beverage,11.0,4923837.76,0.000865,68,0.001084,False
Conut Jnah,WATER,Hot and Cold Drinks,Hot and Cold Drinks,other_beverage,2181.0,173301068.95,0.030461,8,0.21494,False
Conut Jnah,HOT MILK,Hot and Cold Drinks,Hot and Cold Drinks,other_beverage,17.0,3039324.28,0.000534,77,0.001675,False
Conut Jnah,VIA SPARKLING WATER,Hot and Cold Drinks,Hot and Cold Drinks,other_beverage,34.0,6078648.57,0.001068,61,0.003351,False
Conut Jnah,MANGO PASSION,Hot and Cold Drinks,Hot and Cold Drinks,other_beverage,44.0,18355134.89,0.003226,44,0.004336,False
Conut Jnah,MELON PASSION,Hot and Cold Drinks,Hot and Cold Drinks,other_beverage,16.0,6674594.51,0.001173,58,0.001577,False
Conut Jnah,WILD BERRIES,Hot and Cold Drinks,Hot and Cold Drinks,other_beverage,14.0,5840270.19,0.001027,63,0.00138,False
Conut Jnah,WILD BERRIES PASSION,Hot and Cold Drinks,Hot and Cold Drinks,other_beverage,4.0,1668648.63,0.000293,88,0.000394,False
Conut Jnah,EARL GREY,Hot and Cold Drinks,TEA FLAVORS,other_beverage,5.0,1489864.84,0.000262,91,0.000493,False
Conut Jnah,ENGLISH BREAKFAST,Hot and Cold Drinks,TEA FLAVORS,other_beverage,3.0,893918.91,0.000157,101,0.000296,False
Conut Jnah,GREEN TEA,Hot and Cold Drinks,TEA FLAVORS,other_beverage,8.0,2383783.75,0.000419,80,0.000788,False
Conut Jnah,PEPPERMINT TEA,Hot and Cold Drinks,TEA FLAVORS,other_beverage,2.0,595945.94,0.000105,109,0.000197,False
Conut Jnah,PEACH ICED TEA,Hot and Cold Drinks,TEA FLAVORS,other_beverage,35.0,14600675.48,0.002566,47,0.003449,False
Conut Jnah,RASPBERRY ICED TEA,Hot and Cold Drinks,TEA FLAVORS,other_beverage,12.0,5005945.88,0.00088,67,0.001183,False
Conut Jnah,ADD ICE CREAM,Extras and Sides,Extras and Sides,core_food,276.0,131584863.11,0.023128,13,0.0272,True
Conut Jnah,DELIVERY CHARGE,Delivery Service,Delivery,core_food,270.0,64362161.3,0.011313,24,0.026609,True
Conut Jnah,PISTACHIO SPREAD CONUT.,Free Conut Spreads,Free Conut Spreads,core_food,2.0,60918.92,1.1e-05,126,0.000197,True
Conut Jnah,PISTACHIO SPREAD CHIMNEY.,Free Chimney Cake Spreads,Free Chimney Cake Spreads,core_food,21.0,1251486.47,0.00022,95,0.00207,True
Conut Jnah,CLASSIC CHIMNEY,ITEMS,ITEMS,core_food,291.0,173420272.24,0.030482,7,0.028678,True
Conut Jnah,MINI THE ONE,ITEMS,ITEMS,core_food,255.0,129340136.99,0.022734,15,0.025131,True
Conut Jnah,MINI THE ORIGINAL,ITEMS,ITEMS,core_food,219.0,104409728.34,0.018352,18,0.021583,True
Conut Jnah,CONUT THE ORIGINAL,ITEMS,ITEMS,core_food,313.0,270677325.11,0.047576,4,0.030847,True
Conut Jnah,CHIMNEY THE ORIGINAL,ITEMS,ITEMS,core_food,171.0,203813513.31,0.035824,6,0.016852,True
Conut Jnah,CONUT THE ONE,ITEMS,ITEMS,core_food,486.0,434444595.95,0.076361,2,0.047896,True
Conut Jnah,CHIMNEY THE ONE,ITEMS,ITEMS,core_food,859.0,1075026890.19,0.188954,1,0.084656,True
Conut Jnah,MINI PISTACHIO,ITEMS,ITEMS,core_food,61.0,38210730.08,0.006716,32,0.006012,True
Conut Jnah,CONUT PISTACHIO,ITEMS,ITEMS,core_food,87.0,88140405.51,0.015492,19,0.008574,True
Conut Jnah,CHIMNEY PISTACHIO,ITEMS,ITEMS,core_food,117.0,167341621.11,0.029413,9,0.011531,True
Conut Jnah,MINI BOSTON CHEESECAKE,ITEMS,ITEMS,core_food,53.0,28426621.24,0.004996,37,0.005223,True
Conut Jnah,CONUT BOSTON CHEESECAKE,ITEMS,ITEMS,core_food,95.0,87815946.11,0.015435,20,0.009362,True
Conut Jnah,CHIMNEY BOSTON CHEESECAKE,ITEMS,ITEMS,core_food,84.0,110130810.58,0.019357,17,0.008278,True
Conut Jnah,MINI BERRY MIX,ITEMS,ITEMS,core_food,122.0,61880379.27,0.010877,25,0.012023,True
Conut Jnah,CONUT BERRY MIX,ITEMS,ITEMS,core_food,158.0,141239189.63,0.024825,12,0.015571,True
Conut Jnah,CHIMNEY BERRY MIX,ITEMS,ITEMS,core_food,102.0,127651621.42,0.022437,16,0.010052,True
Conut Jnah,ICE CREAM BOWL,ITEMS,ITEMS,core_food,271.0,161501353.18,0.028387,10,0.026707,True
Conut Jnah,CONUT BITES,ITEMS,ITEMS,core_food,50.0,32777027.32,0.005761,35,0.004928,True
Conut Jnah,CINNAMON SUGAR RINGS,ITEMS,ITEMS,core_food,13.0,5423108.04,0.000953,65,0.001281,True
Conut Jnah,CHOCOLATE CHIPS RINGS,ITEMS,ITEMS,core_food,8.0,3814054.0,0.00067,71,0.000788,True
Conut Jnah,CONUT TRIPLE CHOCOLATE,ITEMS,ITEMS,core_food,226.0,208909513.9,0.036719,5,0.022273,True
Conut Jnah,MINI TRIPLE CHOCOLATE,ITEMS,ITEMS,core_food,124.0,66507566.68,0.01169,22,0.01222,True
Conut Jnah,CHIMNEY TRIPLE CHOCOLATE,ITEMS,ITEMS,core_food,240.0,314659458.79,0.055307,3,0.023652,True
Conut Jnah,CHIMNEY COMBO.,ITEMS,ITEMS,core_food,3.0,11799729.75,0.002074,49,0.000296,True
Conut Jnah,CONUT COMBO,ITEMS,ITEMS,core_food,13.0,35637567.47,0.006264,34,0.001281,True
Conut Jnah,THE SHARING BOX.,ITEMS,ITEMS,core_food,47.0,78426486.82,0.013785,21,0.004632,True
Conut Jnah,TIRAMISU MINI CONUT,ITEMS,ITEMS,core_food,88.0,52443243.84,0.009218,26,0.008673,True
Conut Jnah,TIRAMISU CONUT,ITEMS,ITEMS,core_food,137.0,130631351.62,0.022961,14,0.013502,True
Conut Jnah,TIRAMISU CHIMNEY,ITEMS,ITEMS,core_food,120.0,157329729.4,0.027653,11,0.011826,True
Conut Jnah,NUTELLA SPREAD MINI,EXTRA MINI SPREAD,EXTRA MINI SPREAD,core_food,3.0,178783.78,3.1e-05,122,0.000296,True
Conut Jnah,PISTACHIO SPREAD MINI,EXTRA MINI SPREAD,EXTRA MINI SPREAD,core_food,1.0,90054.05,1.6e-05,125,9.9e-05,True
Conut Jnah,NUTELLA SPREAD CONUT,EXTRA CONUT SPREAD,EXTRA CONUT SPREAD,core_food,16.0,1440864.84,0.000253,92,0.001577,True
Conut Jnah,LOTUS SPREAD CONUT,EXTRA CONUT SPREAD,EXTRA CONUT SPREAD,core_food,6.0,540324.31,9.5e-05,111,0.000591,True
Conut Jnah,WHITE CHOCOLATE SPREAD CONUT,EXTRA CONUT SPREAD,EXTRA CONUT SPREAD,core_food,0.0,0.0,0.0,128,0.0,True
Conut Jnah,PISTACHIO SPREAD CONUT,EXTRA CONUT SPREAD,EXTRA CONUT SPREAD,core_food,1.0,119189.19,2.1e-05,124,9.9e-05,True
Conut Jnah,NUTELLA SPREAD CHIMNEY,EXTRA CHIMNEY SPREAD,EXTRA CHIMNEY SPREAD,core_food,12.0,2145405.38,0.000377,82,0.001183,True
Conut Jnah,LOTUS SPREAD CHIMNEY,EXTRA CHIMNEY SPREAD,EXTRA CHIMNEY SPREAD,core_food,17.0,3039324.28,0.000534,77,0.001675,True
Conut Jnah,WHITE CHOCOLATE SPREAD CHIMNEY,EXTRA CHIMNEY SPREAD,EXTRA CHIMNEY SPREAD,core_food,4.0,715135.13,0.000126,105,0.000394,True
Conut Jnah,PISTACHIO SPREAD CHIMNEY,EXTRA CHIMNEY SPREAD,EXTRA CHIMNEY SPREAD,core_food,5.0,1191891.88,0.000209,96,0.000493,True
Conut Jnah,CRUSHED OREO (R),MINI/CONUT/BOWL TOPPINGS,MINI/CONUT/BOWL TOPPINGS,core_food,1.0,90054.05,1.6e-05,125,9.9e-05,True
Conut Jnah,CRUSHED LOTUS (R),MINI/CONUT/BOWL TOPPINGS,MINI/CONUT/BOWL TOPPINGS,core_food,5.0,450270.26,7.9e-05,113,0.000493,True
Conut Jnah,BROWNIES (R),MINI/CONUT/BOWL TOPPINGS,MINI/CONUT/BOWL TOPPINGS,core_food,9.0,810486.47,0.000142,102,0.000887,True
Conut Jnah,PEANUT BUTTER CUPS (P),MINI/CONUT/BOWL TOPPINGS,MINI/CONUT/BOWL TOPPINGS,core_food,2.0,238378.38,4.2e-05,119,0.000197,True
Conut Jnah,CRISPY CREPE (R),MINI/CONUT/BOWL TOPPINGS,MINI/CONUT/BOWL TOPPINGS,core_food,1.0,90054.05,1.6e-05,125,9.9e-05,True
Conut Jnah,STRAWBERRIES (R),MINI/CONUT/BOWL TOPPINGS,MINI/CONUT/BOWL TOPPINGS,core_food,19.0,1711026.99,0.000301,87,0.001872,True
Conut Jnah,BLUEBERRIES (P),MINI/CONUT/BOWL TOPPINGS,MINI/CONUT/BOWL TOPPINGS,core_food,12.0,1430270.25,0.000251,93,0.001183,True
Conut Jnah,RASPBERRIES (P),MINI/CONUT/BOWL TOPPINGS,MINI/CONUT/BOWL TOPPINGS,core_food,9.0,1072702.69,0.000189,99,0.000887,True
Conut Jnah,SPRINKLES (R),MINI/CONUT/BOWL TOPPINGS,MINI/CONUT/BOWL TOPPINGS,core_food,8.0,720432.42,0.000127,104,0.000788,True
Conut Jnah,DARK CHOCOLATE SAUCE (R),MINI/CONUT/BOWL TOPPINGS,MINI/CONUT/BOWL TOPPINGS,core_food,1.0,90054.05,1.6e-05,125,9.9e-05,True
Conut Jnah,WHIPPED  CREAM (P),MINI/CONUT/BOWL TOPPINGS,MINI/CONUT/BOWL TOPPINGS,core_food,6.0,715135.13,0.000126,105,0.000591,True
Conut Jnah,SALTED CARAMEL SAUCE (R),MINI/CONUT/BOWL TOPPINGS,MINI/CONUT/BOWL TOPPINGS,core_food,2.0,180108.1,3.2e-05,121,0.000197,True
Conut Jnah,NUTELLA SAUCE (R),MINI/CONUT/BOWL TOPPINGS,MINI/CONUT/BOWL TOPPINGS,core_food,7.0,630378.37,0.000111,106,0.00069,True
Conut Jnah,PISTACHIO SAUCE (P),MINI/CONUT/BOWL TOPPINGS,MINI/CONUT/BOWL TOPPINGS,core_food,4.0,476756.75,8.4e-05,112,0.000394,True
Conut Jnah,LOTUS SAUCE (R),MINI/CONUT/BOWL TOPPINGS,MINI/CONUT/BOWL TOPPINGS,core_food,3.0,270162.16,4.7e-05,118,0.000296,True
Conut Jnah,DARK CHOCOLATE CHIPS (P),MINI/CONUT/BOWL TOPPINGS,MINI/CONUT/BOWL TOPPINGS,core_food,1.0,119189.19,2.1e-05,124,9.9e-05,True
Conut Jnah,FRUIT LOOPS (R),MINI/CONUT/BOWL TOPPINGS,MINI/CONUT/BOWL TOPPINGS,core_food,3.0,270162.16,4.7e-05,118,0.000296,True
Conut Jnah,GRANOLA BERRIES (P),MINI/CONUT/BOWL TOPPINGS,MINI/CONUT/BOWL TOPPINGS,core_food,1.0,119189.19,2.1e-05,124,9.9e-05,True
Conut Jnah,RASPBERRY JAM (P),MINI/CONUT/BOWL TOPPINGS,MINI/CONUT/BOWL TOPPINGS,core_food,1.0,119189.19,2.1e-05,124,9.9e-05,True
Conut Jnah,GUMMY BEARS (R),MINI/CONUT/BOWL TOPPINGS,MINI/CONUT/BOWL TOPPINGS,core_food,4.0,360216.21,6.3e-05,115,0.000394,True
Conut Jnah,MARSHMALLOWS (R),MINI/CONUT/BOWL TOPPINGS,MINI/CONUT/BOWL TOPPINGS,core_food,3.0,270162.16,4.7e-05,118,0.000296,True
Conut Jnah,SALTED PRETZELS (R),MINI/CONUT/BOWL TOPPINGS,MINI/CONUT/BOWL TOPPINGS,core_food,1.0,90054.05,1.6e-05,125,9.9e-05,True
Conut Jnah,CRUSHED OREO.,CHIMNEY TOPPINGS,CHIMNEY TOPPINGS,core_food,12.0,2145405.38,0.000377,82,0.001183,True
Conut Jnah,CRUSHED LOTUS.,CHIMNEY TOPPINGS,CHIMNEY TOPPINGS,core_food,10.0,1787837.81,0.000314,86,0.000986,True
Conut Jnah,CRISPY CREPE.,CHIMNEY TOPPINGS,CHIMNEY TOPPINGS,core_food,5.0,893918.91,0.000157,101,0.000493,True
Conut Jnah,BROWNIES.,CHIMNEY TOPPINGS,CHIMNEY TOPPINGS,core_food,27.0,4827162.1,0.000848,69,0.002661,True
Conut Jnah,STRAWBERRY.,CHIMNEY TOPPINGS,CHIMNEY TOPPINGS,core_food,129.0,23063107.8,0.004054,41,0.012713,True
Conut Jnah,SPRINKLES.,CHIMNEY TOPPINGS,CHIMNEY TOPPINGS,core_food,4.0,715135.13,0.000126,105,0.000394,True
Conut Jnah,BLUEBERRIES.,CHIMNEY TOPPINGS,CHIMNEY TOPPINGS,core_food,26.0,6197837.76,0.001089,60,0.002562,True
Conut Jnah,RASPBERRIES.,CHIMNEY TOPPINGS,CHIMNEY TOPPINGS,core_food,16.0,3814054.0,0.00067,71,0.001577,True
Conut Jnah,PEANUT BUTTER CUPS.,CHIMNEY TOPPINGS,CHIMNEY TOPPINGS,core_food,2.0,476756.75,8.4e-05,112,0.000197,True
Conut Jnah,SALTED CARAMEL SAUCE.,CHIMNEY TOPPINGS,CHIMNEY TOPPINGS,core_food,1.0,178783.78,3.1e-05,122,9.9e-05,True
Conut Jnah,DARK CHOCOLATE SAUCE.,CHIMNEY TOPPINGS,CHIMNEY TOPPINGS,core_food,1.0,178783.78,3.1e-05,122,9.9e-05,True
Conut Jnah,NUTELLA SAUCE.,CHIMNEY TOPPINGS,CHIMNEY TOPPINGS,core_food,40.0,7151351.26,0.001257,57,0.003942,True
Conut Jnah,LOTUS SAUCE.,CHIMNEY TOPPINGS,CHIMNEY TOPPINGS,core_food,7.0,1251486.47,0.00022,95,0.00069,True
Conut Jnah,WHIPPED  CREAM.,CHIMNEY TOPPINGS,CHIMNEY TOPPINGS,core_food,5.0,1191891.88,0.000209,96,0.000493,True
Conut Jnah,CARAMEL SAUCE.,CHIMNEY TOPPINGS,CHIMNEY TOPPINGS,core_food,1.0,178783.78,3.1e-05,122,9.9e-05,True
Conut Jnah,PISTACHIO SAUCE.,CHIMNEY TOPPINGS,CHIMNEY TOPPINGS,core_food,11.0,2622162.13,0.000461,78,0.001084,True
Conut Jnah,DARK CHOCOLATE CHIPS.,CHIMNEY TOPPINGS,CHIMNEY TOPPINGS,core_food,2.0,476756.75,8.4e-05,112,0.000197,True
Conut Jnah,FRUIT LOOPS.,CHIMNEY TOPPINGS,CHIMNEY TOPPINGS,core_food,5.0,893918.91,0.000157,101,0.000493,True
Conut Jnah,GRANOLA BERRIES.,CHIMNEY TOPPINGS,CHIMNEY TOPPINGS,core_food,1.0,238378.38,4.2e-05,119,9.9e-05,True
Conut Jnah,GUMMY BEARS.,CHIMNEY TOPPINGS,CHIMNEY TOPPINGS,core_food,8.0,1430270.25,0.000251,93,0.000788,True
Conut Jnah,MARSHMALLOWS.,CHIMNEY TOPPINGS,CHIMNEY TOPPINGS,core_food,8.0,1430270.25,0.000251,93,0.000788,True
Conut Jnah,NUTELLA DIP (R),EXTRA DIP,EXTRA DIP,core_food,4.0,476756.75,8.4e-05,112,0.000394,True
Conut Jnah,LOTUS DIP (R),EXTRA DIP,EXTRA DIP,core_food,4.0,476756.75,8.4e-05,112,0.000394,True
Conut Jnah,WHITE CHOCOLATE DIP (R),EXTRA DIP,EXTRA DIP,core_food,2.0,238378.38,4.2e-05,119,0.000197,True
Conut Jnah,CARAMEL DIP (R),EXTRA DIP,EXTRA DIP,core_food,0.0,0.0,0.0,128,0.0,True
Conut Jnah,DARK CHOCOLATE DIP (R),EXTRA DIP,EXTRA DIP,core_food,0.0,0.0,0.0,128,0.0,True
Conut Jnah,PISTACHIO DIP (P),EXTRA DIP,EXTRA DIP,core_food,4.0,953513.5,0.000168,100,0.000394,True
Conut Jnah,RASPBERRY JAM DIP (P),EXTRA DIP,EXTRA DIP,core_food,1.0,238378.38,4.2e-05,119,9.9e-05,True
Conut Jnah,CHERRY JAM DIP (P),EXTRA DIP,EXTRA DIP,core_food,3.0,715135.13,0.000126,105,0.000296,True
Conut Jnah,PISTACHIO SPREAD MINI.,free mini spread,FREE MINI SPREAD,core_food,2.0,60918.92,1.1e-05,126,0.000197,True
Conut Jnah,"BLUEBERRIES, (P)",FREE CONUT TOP,FREE CONUT TOP,core_food,60.0,1827567.5,0.000321,84,0.005913,True
Conut Jnah,WHIPPED CREAM . (P),FREE CONUT TOP,FREE CONUT TOP,core_food,11.0,335054.04,5.9e-05,117,0.001084,True
Conut Jnah,"RASPBERRIES, (P)",FREE CONUT TOP,FREE CONUT TOP,core_food,38.0,1157459.42,0.000203,98,0.003745,True
Conut Jnah,"DARK CHOCOLATE CHIPS, (P)",FREE CONUT TOP,FREE CONUT TOP,core_food,20.0,609189.17,0.000107,107,0.001971,True
Conut Jnah,"GRANOLA BERRIES, (P)",FREE CONUT TOP,FREE CONUT TOP,core_food,13.0,395972.96,7e-05,114,0.001281,True
Conut Jnah,"PEANUT BUTTER CUP , (P)",FREE CONUT TOP,FREE CONUT TOP,core_food,6.0,182756.75,3.2e-05,120,0.000591,True
Conut Jnah,PISTACHIO SAUCE . (P),FREE CONUT TOP,FREE CONUT TOP,core_food,39.0,1187918.88,0.000209,97,0.003844,True
Conut Jnah,"PASSION FRUITS SAUCE ,(P)",FREE CONUT TOP,FREE CONUT TOP,core_food,11.0,335054.04,5.9e-05,117,0.001084,True
Conut Jnah,"RASPBERRY JAM , (P)",FREE CONUT TOP,FREE CONUT TOP,core_food,6.0,182756.75,3.2e-05,120,0.000591,True
Conut Jnah,"CHERRY JAM, (P)",FREE CONUT TOP,FREE CONUT TOP,core_food,1.0,30459.46,5e-06,127,9.9e-05,True
Conut Jnah,SWITCH TO ICE CREAM,FREE CONUT TOP,FREE CONUT TOP,core_food,20.0,7151351.26,0.001257,57,0.001971,True
Conut Jnah,"BLUEBERRIES , (P)",FREE CHIMNEY TOP,FREE CHIMNEY TOP,core_food,36.0,2145405.38,0.000377,82,0.003548,True
Conut Jnah,"RASPBERRIES ,(P)",FREE CHIMNEY TOP,FREE CHIMNEY TOP,core_food,26.0,1549459.44,0.000272,90,0.002562,True
Conut Jnah,"DARK CHOCOLATE CHIPS ,(P)",FREE CHIMNEY TOP,FREE CHIMNEY TOP,core_food,3.0,178783.78,3.1e-05,122,0.000296,True
Conut Jnah,"PEANUT BUTTER CUPS,(P)",FREE CHIMNEY TOP,FREE CHIMNEY TOP,core_food,3.0,178783.78,3.1e-05,122,0.000296,True
Conut Jnah,"WHIPPED CREAM,",FREE CHIMNEY TOP,FREE CHIMNEY TOP,core_food,12.0,715135.13,0.000126,105,0.001183,True
Conut Jnah,"PISTACHIO SAUCE ,(P)",FREE CHIMNEY TOP,FREE CHIMNEY TOP,core_food,92.0,5482702.63,0.000964,64,0.009067,True
Conut Jnah,"PASSION FRUIT SAUCE,(P)",FREE CHIMNEY TOP,FREE CHIMNEY TOP,core_food,3.0,178783.78,3.1e-05,122,0.000296,True
Conut Jnah,"RASPBERRY JAM,(P)",FREE CHIMNEY TOP,FREE CHIMNEY TOP,core_food,2.0,119189.19,2.1e-05,124,0.000197,True
Conut Jnah,"CHERRY JAM ,(P)",FREE CHIMNEY TOP,FREE CHIMNEY TOP,core_food,3.0,178783.78,3.1e-05,122,0.000296,True
Conut Jnah,"SWITCH TO ICE CREAM,",FREE CHIMNEY TOP,FREE CHIMNEY TOP,core_food,13.0,3098918.88,0.000545,76,0.001281,True
Conut Jnah,BLUEBERRIES .(P),FREE MINI TOP,FREE MINI TOP,core_food,4.0,121837.83,2.1e-05,123,0.000394,True
Conut Jnah,RASPBERRIES .(P),FREE MINI TOP,FREE MINI TOP,core_food,4.0,121837.83,2.1e-05,123,0.000394,True
Conut Jnah,DARK CHOCOLATE CHIPS .(P),FREE MINI TOP,FREE MINI TOP,core_food,2.0,60918.92,1.1e-05,126,0.000197,True
Conut Jnah,PEANUT BUTTER CUP .(P),FREE MINI TOP,FREE MINI TOP,core_food,1.0,30459.46,5e-06,127,9.9e-05,True
Conut Jnah,"WHIPPED CREAM ,(P)",FREE MINI TOP,FREE MINI TOP,core_food,6.0,182756.75,3.2e-05,120,0.000591,True
Conut Jnah,"PISTACHIO SAUCE,(P)",FREE MINI TOP,FREE MINI TOP,core_food,19.0,578729.71,0.000102,110,0.001872,True
Conut Jnah,PASSION FRUITS SAUCE .(P),FREE MINI TOP,FREE MINI TOP,core_food,2.0,60918.92,1.1e-05,126,0.000197,True
Conut Jnah,RASPBERRY JAM .(P),FREE MINI TOP,FREE MINI TOP,core_food,2.0,60918.92,1.1e-05,126,0.000197,True
Conut Jnah,switch to ice cream.,FREE MINI TOP,FREE MINI TOP,core_food,7.0,2502972.94,0.00044,79,0.00069,True
Conut Jnah,PISTACHIO DIP.(P),free dip,free dip,core_food,3.0,357567.56,6.3e-05,116,0.000296,True
Conut Jnah,PASSION FRUITS DIP.(P),free dip,free dip,core_food,0.0,0.0,0.0,128,0.0,True
Conut Jnah,TOASTED MARSHMALLOWS,MARSHMALLOW OPTIONS,MARSHMALLOW OPTIONS,core_food,15.0,1787837.81,0.000314,86,0.001478,True
Conut Jnah,HOT CHOCOLATE,CONUT''S FAVORITE,CONUT''S FAVORITE,core_food,39.0,18593513.27,0.003268,43,0.003844,True
Conut Jnah,ICED SHAKEN ESPRESSO,CONUT''S FAVORITE,CONUT''S FAVORITE,core_food,16.0,8115459.58,0.001426,54,0.001577,True
Conut Jnah,MATCHA LATTE,CONUT''S FAVORITE,CONUT''S FAVORITE,core_food,8.0,4767567.62,0.000838,70,0.000788,True
Conut Jnah,AFFOGATO,CONUT''S FAVORITE,CONUT''S FAVORITE,core_food,4.0,2145405.38,0.000377,82,0.000394,True
Conut Jnah,PISTACHIO LATTE,CONUT''S FAVORITE,CONUT''S FAVORITE,core_food,1.0,595945.95,0.000105,108,9.9e-05,True
Main Street Coffee,AMERICAN COFFEE,Hot-Coffee Based,Hot-Coffee Based,coffee_hot,62.0,22169188.89,0.004173,37,0.007448,False
Main Street Coffee,CAPPUCCINO,Hot-Coffee Based,Hot-Coffee Based,coffee_hot,60.0,25029729.4,0.004712,33,0.007208,False
Main Street Coffee,CAFFE LATTE,Hot-Coffee Based,Hot-Coffee Based,coffee_hot,60.0,25029729.4,0.004712,33,0.007208,False
Main Street Coffee,CAFE MOCHA,Hot-Coffee Based,Hot-Coffee Based,coffee_hot,6.0,3043297.34,0.000573,57,0.000721,False
Main Street Coffee,CARAMEL MACHIATO,Hot-Coffee Based,Hot-Coffee Based,coffee_hot,26.0,13945134.95,0.002625,42,0.003123,False
Main Street Coffee,CAFFE AMERICANO,Hot-Coffee Based,Hot-Coffee Based,coffee_hot,102.0,31518918.45,0.005933,31,0.012254,False
Main Street Coffee,SINGLE ESPRESSO,Hot-Coffee Based,Hot-Coffee Based,coffee_hot,214.0,51012972.29,0.009603,25,0.025709,False
Main Street Coffee,DOUBLE ESPRESSO,Hot-Coffee Based,Hot-Coffee Based,coffee_hot,72.0,23647134.77,0.004451,36,0.00865,False
Main Street Coffee,ESPRESSO MACCHIATO,Hot-Coffee Based,Hot-Coffee Based,coffee_hot,2.0,656864.85,0.000124,96,0.00024,False
Main Street Coffee,WHITE MOCHA,Hot-Coffee Based,Hot-Coffee Based,coffee_hot,12.0,6086594.68,0.001146,48,0.001442,False
Main Street Coffee,FLAT WHITE,Hot-Coffee Based,Hot-Coffee Based,coffee_hot,12.0,4656324.25,0.000877,52,0.001442,False
Main Street Coffee,HOT CHOCOLATE COMBO,Hot-Coffee Based,Hot-Coffee Based,coffee_hot,58.0,38405405.37,0.00723,27,0.006968,False
Main Street Coffee,WHIPPED CREAM,Bev Add-ons,Bev Add-ons,core_food,10.0,1191891.88,0.000224,83,0.001201,True
Main Street Coffee,"CARAMEL  SAUCE,",Bev Add-ons,Bev Add-ons,core_food,6.0,540324.31,0.000102,99,0.000721,True
Main Street Coffee,HAZELNUT SYRUP,Bev Add-ons,Bev Add-ons,core_food,9.0,810486.47,0.000153,92,0.001081,True
Main Street Coffee,VANILLA SYRUP,Bev Add-ons,Bev Add-ons,core_food,3.0,270162.16,5.1e-05,107,0.00036,True
Main Street Coffee,EXTRA ESPRESSO SHOT,Bev Add-ons,Bev Add-ons,core_food,20.0,1801081.04,0.000339,70,0.002403,True
Main Street Coffee,SWEETENED CREAM,Bev Add-ons,Bev Add-ons,core_food,26.0,2341405.36,0.000441,65,0.003123,True
Main Street Coffee,EXTRA DECAF ESPRESSO SHOT,Bev Add-ons,Bev Add-ons,core_food,1.0,90054.05,1.7e-05,114,0.00012,True
Main Street Coffee,STRAWBERRY DRESSING,Bev Add-ons,Bev Add-ons,core_food,1.0,90054.05,1.7e-05,114,0.00012,True
Main Street Coffee,SALTED CARAMEL SYRUP,Bev Add-ons,Bev Add-ons,core_food,1.0,90054.05,1.7e-05,114,0.00012,True
Main Street Coffee,MOCHA FRAPPE,Frappes,Frappes,coffee_cold,12.0,6436216.13,0.001212,47,0.001442,False
Main Street Coffee,CARAMEL MOCHA FRAPPE,Frappes,Frappes,coffee_cold,10.0,5363513.44,0.00101,50,0.001201,False
Main Street Coffee,HAZELNUT MOCHA FRAPPE,Frappes,Frappes,coffee_cold,1.0,536351.34,0.000101,100,0.00012,False
Main Street Coffee,CARAMEL FRAPPE,Frappes,Frappes,coffee_cold,16.0,8581621.51,0.001615,44,0.001922,False
Main Street Coffee,WHITE MOCHA FRAPPE,Frappes,Frappes,coffee_cold,8.0,4290810.75,0.000808,55,0.000961,False
Main Street Coffee,MATCHA FRAPPE,Frappes,Frappes,coffee_cold,4.0,2505621.64,0.000472,64,0.000481,False
Main Street Coffee,SALTED CARAMEL FRAPPE,Frappes,Frappes,coffee_cold,3.0,1609054.03,0.000303,76,0.00036,False
Main Street Coffee,ESPRESSO FRAPPE,Frappes,Frappes,coffee_cold,4.0,1790486.46,0.000337,71,0.000481,False
Main Street Coffee,TOFFEE NUT FRAPPE,Frappes,Frappes,coffee_cold,1.0,536351.34,0.000101,100,0.00012,False
Main Street Coffee,VANILLA MILKSHAKE,Shakes,Shakes,milkshake,32.0,17163243.01,0.003231,39,0.003844,False
Main Street Coffee,OREO MILKSHAKE,Shakes,Shakes,milkshake,28.0,20023783.93,0.003769,38,0.003364,False
Main Street Coffee,PEANUT BUTTER MILKSHAKE,Shakes,Shakes,milkshake,1.0,774729.73,0.000146,93,0.00012,False
Main Street Coffee,STRAWBERRY MILKSHAKE,Shakes,Shakes,milkshake,19.0,13587567.67,0.002558,43,0.002283,False
Main Street Coffee,MATCHA MILKSHAKE,Shakes,Shakes,milkshake,1.0,893918.92,0.000168,90,0.00012,False
Main Street Coffee,SALTED CARAMEL MILKSHAKE,Shakes,Shakes,milkshake,6.0,4648378.4,0.000875,53,0.000721,False
Main Street Coffee,PISTACHIO MILKSHAKE,Shakes,Shakes,milkshake,3.0,2681756.77,0.000505,62,0.00036,False
Main Street Coffee,GRANOLA BERRIES MILKSHAKE,Shakes,Shakes,milkshake,1.0,774729.73,0.000146,93,0.00012,False
Main Street Coffee,DOUBLE CHOCOLATE MILKSHAKE,Shakes,Shakes,milkshake,11.0,8522027.08,0.001604,45,0.001321,False
Main Street Coffee,FRUIT LOOPS MILKSHAKE,Shakes,Shakes,milkshake,1.0,774729.73,0.000146,93,0.00012,False
Main Street Coffee,TOFFEE NUT MILKSHAKE,Shakes,Shakes,milkshake,2.0,1549459.47,0.000292,78,0.00024,False
Main Street Coffee,ICED CHOCOLATE,Hot and Cold Drinks,Hot and Cold Drinks,other_beverage,2.0,895243.23,0.000169,89,0.00024,False
Main Street Coffee,WATER,Hot and Cold Drinks,Hot and Cold Drinks,other_beverage,1393.0,110687022.0,0.020836,14,0.167347,False
Main Street Coffee,HOT MILK,Hot and Cold Drinks,Hot and Cold Drinks,other_beverage,5.0,893918.91,0.000168,91,0.000601,False
Main Street Coffee,VIA SPARKLING WATER,Hot and Cold Drinks,Hot and Cold Drinks,other_beverage,12.0,2145405.38,0.000404,66,0.001442,False
Main Street Coffee,EARL GREY,Hot and Cold Drinks,TEA FLAVORS,other_beverage,4.0,1191891.89,0.000224,82,0.000481,False
Main Street Coffee,ENGLISH BREAKFAST,Hot and Cold Drinks,TEA FLAVORS,other_beverage,4.0,1191891.88,0.000224,83,0.000481,False
Main Street Coffee,GREEN TEA,Hot and Cold Drinks,TEA FLAVORS,other_beverage,9.0,2681756.72,0.000505,63,0.001081,False
Main Street Coffee,PEPPERMINT TEA,Hot and Cold Drinks,TEA FLAVORS,other_beverage,9.0,2681756.72,0.000505,63,0.001081,False
Main Street Coffee,PEACH ICED TEA,Hot and Cold Drinks,TEA FLAVORS,other_beverage,4.0,1668648.63,0.000314,75,0.000481,False
Main Street Coffee,RASPBERRY ICED TEA,Hot and Cold Drinks,TEA FLAVORS,other_beverage,3.0,1251486.47,0.000236,81,0.00036,False
Main Street Coffee,ADD ICE CREAM,Extras and Sides,Extras and Sides,core_food,169.0,80571890.82,0.015167,19,0.020303,True
Main Street Coffee,DELIVERY CHARGE,Delivery Service,Delivery,core_food,21.0,5005945.88,0.000942,51,0.002523,True
Main Street Coffee,PISTACHIO SPREAD CONUT.,Free Conut Spreads,Free Conut Spreads,core_food,3.0,91378.38,1.7e-05,113,0.00036,True
Main Street Coffee,PISTACHIO SPREAD CHIMNEY.,Free Chimney Cake Spreads,Free Chimney Cake Spreads,core_food,4.0,238378.38,4.5e-05,108,0.000481,True
Main Street Coffee,CLASSIC CHIMNEY,ITEMS,ITEMS,core_food,162.0,96543244.34,0.018174,16,0.019462,True
Main Street Coffee,MINI THE ONE,ITEMS,ITEMS,core_food,180.0,91298920.22,0.017187,17,0.021624,True
Main Street Coffee,MINI THE ORIGINAL,ITEMS,ITEMS,core_food,131.0,62455134.3,0.011757,21,0.015738,True
Main Street Coffee,CONUT THE ORIGINAL,ITEMS,ITEMS,core_food,364.0,314781298.21,0.059257,3,0.043729,True
Main Street Coffee,CHIMNEY THE ORIGINAL,ITEMS,ITEMS,core_food,216.0,257448648.39,0.048464,4,0.025949,True
Main Street Coffee,CONUT THE ONE,ITEMS,ITEMS,core_food,641.0,573002028.81,0.107866,2,0.077006,True
Main Street Coffee,CHIMNEY THE ONE,ITEMS,ITEMS,core_food,835.0,1044991214.56,0.196716,1,0.100312,True
Main Street Coffee,MINI PISTACHIO,ITEMS,ITEMS,core_food,61.0,38210730.08,0.007193,28,0.007328,True
Main Street Coffee,CONUT PISTACHIO,ITEMS,ITEMS,core_food,165.0,167162838.03,0.031468,9,0.019822,True
Main Street Coffee,CHIMNEY PISTACHIO,ITEMS,ITEMS,core_food,140.0,200237837.23,0.037694,7,0.016819,True
Main Street Coffee,MINI BOSTON CHEESECAKE,ITEMS,ITEMS,core_food,45.0,24135810.49,0.004543,35,0.005406,True
Main Street Coffee,CONUT BOSTON CHEESECAKE,ITEMS,ITEMS,core_food,95.0,87815946.11,0.016531,18,0.011413,True
Main Street Coffee,CHIMNEY BOSTON CHEESECAKE,ITEMS,ITEMS,core_food,76.0,99642161.95,0.018757,15,0.00913,True
Main Street Coffee,MINI BERRY MIX,ITEMS,ITEMS,core_food,60.0,30432973.41,0.005729,32,0.007208,True
Main Street Coffee,CONUT BERRY MIX,ITEMS,ITEMS,core_food,160.0,143027027.47,0.026924,10,0.019222,True
Main Street Coffee,CHIMNEY BERRY MIX,ITEMS,ITEMS,core_food,91.0,113885270.09,0.021439,13,0.010932,True
Main Street Coffee,ICE CREAM BOWL,ITEMS,ITEMS,core_food,225.0,134087839.36,0.025242,11,0.02703,True
Main Street Coffee,CONUT BITES,ITEMS,ITEMS,core_food,38.0,24910540.77,0.004689,34,0.004565,True
Main Street Coffee,CINNAMON SUGAR RINGS,ITEMS,ITEMS,core_food,14.0,5840270.19,0.001099,49,0.001682,True
Main Street Coffee,CHOCOLATE CHIPS RINGS,ITEMS,ITEMS,core_food,4.0,1907027.0,0.000359,68,0.000481,True
Main Street Coffee,CONUT TRIPLE CHOCOLATE,ITEMS,ITEMS,core_food,271.0,250506541.01,0.047157,5,0.032556,True
Main Street Coffee,MINI TRIPLE CHOCOLATE,ITEMS,ITEMS,core_food,103.0,55244188.45,0.0104,22,0.012374,True
Main Street Coffee,CHIMNEY TRIPLE CHOCOLATE,ITEMS,ITEMS,core_food,167.0,218950540.08,0.041217,6,0.020062,True
Main Street Coffee,CHIMNEY COMBO.,ITEMS,ITEMS,core_food,14.0,55065405.49,0.010366,23,0.001682,True
Main Street Coffee,CONUT COMBO,ITEMS,ITEMS,core_food,19.0,52085675.54,0.009805,24,0.002283,True
Main Street Coffee,THE SHARING BOX.,ITEMS,ITEMS,core_food,39.0,65077297.58,0.012251,20,0.004685,True
Main Street Coffee,TIRAMISU MINI CONUT,ITEMS,ITEMS,core_food,67.0,39928378.8,0.007516,26,0.008049,True
Main Street Coffee,TIRAMISU CONUT,ITEMS,ITEMS,core_food,131.0,124910270.53,0.023514,12,0.015738,True
Main Street Coffee,TIRAMISU CHIMNEY,ITEMS,ITEMS,core_food,136.0,178307026.65,0.033566,8,0.016338,True
Main Street Coffee,NUTELLA SPREAD MINI,EXTRA MINI SPREAD,EXTRA MINI SPREAD,core_food,1.0,59594.59,1.1e-05,116,0.00012,True
Main Street Coffee,LOTUS SPREAD MINI,EXTRA MINI SPREAD,EXTRA MINI SPREAD,core_food,1.0,59594.59,1.1e-05,116,0.00012,True
Main Street Coffee,NUTELLA SPREAD CONUT,EXTRA CONUT SPREAD,EXTRA CONUT SPREAD,core_food,15.0,1350810.78,0.000254,80,0.001802,True
Main Street Coffee,LOTUS SPREAD CONUT,EXTRA CONUT SPREAD,EXTRA CONUT SPREAD,core_food,7.0,630378.37,0.000119,97,0.000841,True
Main Street Coffee,WHITE CHOCOLATE SPREAD CONUT,EXTRA CONUT SPREAD,EXTRA CONUT SPREAD,core_food,1.0,90054.05,1.7e-05,114,0.00012,True
Main Street Coffee,PISTACHIO SPREAD CONUT,EXTRA CONUT SPREAD,EXTRA CONUT SPREAD,core_food,1.0,119189.19,2.2e-05,112,0.00012,True
Main Street Coffee,NUTELLA SPREAD CHIMNEY,EXTRA CHIMNEY SPREAD,EXTRA CHIMNEY SPREAD,core_food,16.0,2860540.5,0.000538,60,0.001922,True
Main Street Coffee,LOTUS SPREAD CHIMNEY,EXTRA CHIMNEY SPREAD,EXTRA CHIMNEY SPREAD,core_food,5.0,893918.91,0.000168,91,0.000601,True
Main Street Coffee,WHITE CHOCOLATE SPREAD CHIMNEY,EXTRA CHIMNEY SPREAD,EXTRA CHIMNEY SPREAD,core_food,2.0,357567.56,6.7e-05,105,0.00024,True
Main Street Coffee,CRUSHED OREO (R),MINI/CONUT/BOWL TOPPINGS,MINI/CONUT/BOWL TOPPINGS,core_food,6.0,540324.31,0.000102,99,0.000721,True
Main Street Coffee,CRUSHED LOTUS (R),MINI/CONUT/BOWL TOPPINGS,MINI/CONUT/BOWL TOPPINGS,core_food,5.0,450270.26,8.5e-05,103,0.000601,True
Main Street Coffee,BROWNIES (R),MINI/CONUT/BOWL TOPPINGS,MINI/CONUT/BOWL TOPPINGS,core_food,3.0,270162.16,5.1e-05,107,0.00036,True
Main Street Coffee,PEANUT BUTTER CUPS (P),MINI/CONUT/BOWL TOPPINGS,MINI/CONUT/BOWL TOPPINGS,core_food,5.0,595945.94,0.000112,98,0.000601,True
Main Street Coffee,CRISPY CREPE (R),MINI/CONUT/BOWL TOPPINGS,MINI/CONUT/BOWL TOPPINGS,core_food,2.0,180108.1,3.4e-05,109,0.00024,True
Main Street Coffee,STRAWBERRIES (R),MINI/CONUT/BOWL TOPPINGS,MINI/CONUT/BOWL TOPPINGS,core_food,33.0,2971783.72,0.000559,59,0.003964,True
Main Street Coffee,BLUEBERRIES (P),MINI/CONUT/BOWL TOPPINGS,MINI/CONUT/BOWL TOPPINGS,core_food,23.0,2741351.31,0.000516,61,0.002763,True
Main Street Coffee,RASPBERRIES (P),MINI/CONUT/BOWL TOPPINGS,MINI/CONUT/BOWL TOPPINGS,core_food,17.0,2026216.19,0.000381,67,0.002042,True
Main Street Coffee,SPRINKLES (R),MINI/CONUT/BOWL TOPPINGS,MINI/CONUT/BOWL TOPPINGS,core_food,11.0,990594.57,0.000186,86,0.001321,True
Main Street Coffee,DARK CHOCOLATE SAUCE (R),MINI/CONUT/BOWL TOPPINGS,MINI/CONUT/BOWL TOPPINGS,core_food,2.0,180108.1,3.4e-05,109,0.00024,True
Main Street Coffee,WHIPPED  CREAM (P),MINI/CONUT/BOWL TOPPINGS,MINI/CONUT/BOWL TOPPINGS,core_food,4.0,476756.75,9e-05,102,0.000481,True
Main Street Coffee,NUTELLA SAUCE (R),MINI/CONUT/BOWL TOPPINGS,MINI/CONUT/BOWL TOPPINGS,core_food,9.0,810486.47,0.000153,92,0.001081,True
Main Street Coffee,PISTACHIO SAUCE (P),MINI/CONUT/BOWL TOPPINGS,MINI/CONUT/BOWL TOPPINGS,core_food,3.0,357567.56,6.7e-05,105,0.00036,True
Main Street Coffee,"WHITE CHOCOLATE SAUCE, (R)",MINI/CONUT/BOWL TOPPINGS,MINI/CONUT/BOWL TOPPINGS,core_food,11.0,990594.57,0.000186,86,0.001321,True
Main Street Coffee,LOTUS SAUCE (R),MINI/CONUT/BOWL TOPPINGS,MINI/CONUT/BOWL TOPPINGS,core_food,4.0,360216.21,6.8e-05,104,0.000481,True
Main Street Coffee,DARK CHOCOLATE CHIPS (P),MINI/CONUT/BOWL TOPPINGS,MINI/CONUT/BOWL TOPPINGS,core_food,8.0,953513.5,0.000179,87,0.000961,True
Main Street Coffee,FRUIT LOOPS (R),MINI/CONUT/BOWL TOPPINGS,MINI/CONUT/BOWL TOPPINGS,core_food,3.0,270162.16,5.1e-05,107,0.00036,True
Main Street Coffee,GRANOLA BERRIES (P),MINI/CONUT/BOWL TOPPINGS,MINI/CONUT/BOWL TOPPINGS,core_food,2.0,238378.38,4.5e-05,108,0.00024,True
Main Street Coffee,RASPBERRY JAM (P),MINI/CONUT/BOWL TOPPINGS,MINI/CONUT/BOWL TOPPINGS,core_food,1.0,119189.19,2.2e-05,112,0.00012,True
Main Street Coffee,CHERRY JAM (P),MINI/CONUT/BOWL TOPPINGS,MINI/CONUT/BOWL TOPPINGS,core_food,2.0,238378.38,4.5e-05,108,0.00024,True
Main Street Coffee,GUMMY BEARS (R),MINI/CONUT/BOWL TOPPINGS,MINI/CONUT/BOWL TOPPINGS,core_food,10.0,900540.52,0.00017,88,0.001201,True
Main Street Coffee,MARSHMALLOWS (R),MINI/CONUT/BOWL TOPPINGS,MINI/CONUT/BOWL TOPPINGS,core_food,15.0,1350810.78,0.000254,80,0.001802,True
Main Street Coffee,CRUSHED OREO.,CHIMNEY TOPPINGS,CHIMNEY TOPPINGS,core_food,10.0,1787837.81,0.000337,73,0.001201,True
Main Street Coffee,CRUSHED LOTUS.,CHIMNEY TOPPINGS,CHIMNEY TOPPINGS,core_food,17.0,3039324.28,0.000572,58,0.002042,True
Main Street Coffee,CRISPY CREPE.,CHIMNEY TOPPINGS,CHIMNEY TOPPINGS,core_food,1.0,178783.78,3.4e-05,110,0.00012,True
Main Street Coffee,BROWNIES.,CHIMNEY TOPPINGS,CHIMNEY TOPPINGS,core_food,25.0,4469594.54,0.000841,54,0.003003,True
Main Street Coffee,STRAWBERRY.,CHIMNEY TOPPINGS,CHIMNEY TOPPINGS,core_food,83.0,14839053.86,0.002793,40,0.009971,True
Main Street Coffee,SPRINKLES.,CHIMNEY TOPPINGS,CHIMNEY TOPPINGS,core_food,6.0,1072702.69,0.000202,85,0.000721,True
Main Street Coffee,BLUEBERRIES.,CHIMNEY TOPPINGS,CHIMNEY TOPPINGS,core_food,36.0,8581621.51,0.001615,44,0.004325,True
Main Street Coffee,RASPBERRIES.,CHIMNEY TOPPINGS,CHIMNEY TOPPINGS,core_food,31.0,7389729.63,0.001391,46,0.003724,True
Main Street Coffee,PEANUT BUTTER CUPS.,CHIMNEY TOPPINGS,CHIMNEY TOPPINGS,core_food,3.0,715135.13,0.000135,94,0.00036,True
Main Street Coffee,DARK CHOCOLATE SAUCE.,CHIMNEY TOPPINGS,CHIMNEY TOPPINGS,core_food,8.0,1430270.25,0.000269,79,0.000961,True
Main Street Coffee,NUTELLA SAUCE.,CHIMNEY TOPPINGS,CHIMNEY TOPPINGS,core_food,30.0,5363513.44,0.00101,50,0.003604,True
Main Street Coffee,LOTUS SAUCE.,CHIMNEY TOPPINGS,CHIMNEY TOPPINGS,core_food,1.0,178783.78,3.4e-05,110,0.00012,True
Main Street Coffee,WHIPPED  CREAM.,CHIMNEY TOPPINGS,CHIMNEY TOPPINGS,core_food,5.0,1191891.88,0.000224,83,0.000601,True
Main Street Coffee,CARAMEL SAUCE.,CHIMNEY TOPPINGS,CHIMNEY TOPPINGS,core_food,3.0,536351.34,0.000101,100,0.00036,True
Main Street Coffee,PISTACHIO SAUCE.,CHIMNEY TOPPINGS,CHIMNEY TOPPINGS,core_food,5.0,1191891.88,0.000224,83,0.000601,True
Main Street Coffee,DARK CHOCOLATE CHIPS.,CHIMNEY TOPPINGS,CHIMNEY TOPPINGS,core_food,9.0,2145405.38,0.000404,66,0.001081,True
Main Street Coffee,FRUIT LOOPS.,CHIMNEY TOPPINGS,CHIMNEY TOPPINGS,core_food,1.0,178783.78,3.4e-05,110,0.00012,True
Main Street Coffee,GUMMY BEARS.,CHIMNEY TOPPINGS,CHIMNEY TOPPINGS,core_food,7.0,1251486.47,0.000236,81,0.000841,True
Main Street Coffee,MARSHMALLOWS.,CHIMNEY TOPPINGS,CHIMNEY TOPPINGS,core_food,9.0,1609054.03,0.000303,76,0.001081,True
Main Street Coffee,NUTELLA DIP (R),EXTRA DIP,EXTRA DIP,core_food,8.0,953513.5,0.000179,87,0.000961,True
Main Street Coffee,LOTUS DIP (R),EXTRA DIP,EXTRA DIP,core_food,3.0,357567.56,6.7e-05,105,0.00036,True
Main Street Coffee,WHITE CHOCOLATE DIP (R),EXTRA DIP,EXTRA DIP,core_food,4.0,476756.75,9e-05,102,0.000481,True
Main Street Coffee,CARAMEL DIP (R),EXTRA DIP,EXTRA DIP,core_food,2.0,238378.38,4.5e-05,108,0.00024,True
Main Street Coffee,SALTED CARAMEL DIP (R),EXTRA DIP,EXTRA DIP,core_food,1.0,119189.19,2.2e-05,112,0.00012,True
Main Street Coffee,DARK CHOCOLATE DIP (R),EXTRA DIP,EXTRA DIP,core_food,2.0,238378.38,4.5e-05,108,0.00024,True
Main Street Coffee,PASSION FRUIT DIP (P),EXTRA DIP,EXTRA DIP,core_food,2.0,476756.75,9e-05,102,0.00024,True
Main Street Coffee,PISTACHIO DIP (P),EXTRA DIP,EXTRA DIP,core_food,2.0,476756.75,9e-05,102,0.00024,True
Main Street Coffee,RASPBERRY JAM DIP (P),EXTRA DIP,EXTRA DIP,core_food,1.0,238378.38,4.5e-05,108,0.00012,True
Main Street Coffee,CHERRY JAM DIP (P),EXTRA DIP,EXTRA DIP,core_food,1.0,238378.38,4.5e-05,108,0.00012,True
Main Street Coffee,PISTACHIO SPREAD MINI.,free mini spread,FREE MINI SPREAD,core_food,2.0,60918.92,1.1e-05,115,0.00024,True
Main Street Coffee,"BLUEBERRIES, (P)",FREE CONUT TOP,FREE CONUT TOP,core_food,52.0,1583891.84,0.000298,77,0.006247,True
Main Street Coffee,WHIPPED CREAM . (P),FREE CONUT TOP,FREE CONUT TOP,core_food,2.0,60918.92,1.1e-05,115,0.00024,True
Main Street Coffee,"RASPBERRIES, (P)",FREE CONUT TOP,FREE CONUT TOP,core_food,37.0,1126999.96,0.000212,84,0.004445,True
Main Street Coffee,"DARK CHOCOLATE CHIPS, (P)",FREE CONUT TOP,FREE CONUT TOP,core_food,22.0,670108.08,0.000126,95,0.002643,True
Main Street Coffee,"GRANOLA BERRIES, (P)",FREE CONUT TOP,FREE CONUT TOP,core_food,16.0,487351.33,9.2e-05,101,0.001922,True
Main Street Coffee,"PEANUT BUTTER CUP , (P)",FREE CONUT TOP,FREE CONUT TOP,core_food,11.0,335054.04,6.3e-05,106,0.001321,True
Main Street Coffee,PISTACHIO SAUCE . (P),FREE CONUT TOP,FREE CONUT TOP,core_food,60.0,1827567.5,0.000344,69,0.007208,True
Main Street Coffee,"PASSION FRUITS SAUCE ,(P)",FREE CONUT TOP,FREE CONUT TOP,core_food,2.0,60918.92,1.1e-05,115,0.00024,True
Main Street Coffee,"RASPBERRY JAM , (P)",FREE CONUT TOP,FREE CONUT TOP,core_food,2.0,60918.92,1.1e-05,115,0.00024,True
Main Street Coffee,"CHERRY JAM, (P)",FREE CONUT TOP,FREE CONUT TOP,core_food,2.0,60918.92,1.1e-05,115,0.00024,True
Main Street Coffee,SWITCH TO ICE CREAM,FREE CONUT TOP,FREE CONUT TOP,core_food,89.0,31823513.09,0.005991,30,0.010692,True
Main Street Coffee,"BLUEBERRIES , (P)",FREE CHIMNEY TOP,FREE CHIMNEY TOP,core_food,15.0,893918.91,0.000168,91,0.001802,True
Main Street Coffee,"RASPBERRIES ,(P)",FREE CHIMNEY TOP,FREE CHIMNEY TOP,core_food,8.0,476756.75,9e-05,102,0.000961,True
Main Street Coffee,"DARK CHOCOLATE CHIPS ,(P)",FREE CHIMNEY TOP,FREE CHIMNEY TOP,core_food,4.0,238378.38,4.5e-05,108,0.000481,True
Main Street Coffee,"PEANUT BUTTER CUPS,(P)",FREE CHIMNEY TOP,FREE CHIMNEY TOP,core_food,3.0,178783.78,3.4e-05,110,0.00036,True
Main Street Coffee,"WHIPPED CREAM,",FREE CHIMNEY TOP,FREE CHIMNEY TOP,core_food,4.0,238378.38,4.5e-05,108,0.000481,True
Main Street Coffee,"PISTACHIO SAUCE ,(P)",FREE CHIMNEY TOP,FREE CHIMNEY TOP,core_food,29.0,1728243.22,0.000325,74,0.003484,True
Main Street Coffee,"RASPBERRY JAM,(P)",FREE CHIMNEY TOP,FREE CHIMNEY TOP,core_food,2.0,119189.19,2.2e-05,112,0.00024,True
Main Street Coffee,"SWITCH TO ICE CREAM,",FREE CHIMNEY TOP,FREE CHIMNEY TOP,core_food,60.0,14302702.51,0.002692,41,0.007208,True
Main Street Coffee,BLUEBERRIES .(P),FREE MINI TOP,FREE MINI TOP,core_food,5.0,152297.29,2.9e-05,111,0.000601,True
Main Street Coffee,RASPBERRIES .(P),FREE MINI TOP,FREE MINI TOP,core_food,3.0,91378.38,1.7e-05,113,0.00036,True
Main Street Coffee,DARK CHOCOLATE CHIPS .(P),FREE MINI TOP,FREE MINI TOP,core_food,2.0,60918.92,1.1e-05,115,0.00024,True
Main Street Coffee,"WHIPPED CREAM ,(P)",FREE MINI TOP,FREE MINI TOP,core_food,1.0,30459.46,6e-06,117,0.00012,True
Main Street Coffee,"PISTACHIO SAUCE,(P)",FREE MINI TOP,FREE MINI TOP,core_food,2.0,60918.92,1.1e-05,115,0.00024,True
Main Street Coffee,CHERRY JAM .(P),FREE MINI TOP,FREE MINI TOP,core_food,0.0,0.0,0.0,118,0.0,True
Main Street Coffee,switch to ice cream.,FREE MINI TOP,FREE MINI TOP,core_food,24.0,8581621.51,0.001615,44,0.002883,True
Main Street Coffee,PISTACHIO DIP.(P),free dip,free dip,core_food,1.0,119189.19,2.2e-05,112,0.00012,True
Main Street Coffee,TOASTED MARSHMALLOWS,MARSHMALLOW OPTIONS,MARSHMALLOW OPTIONS,core_food,18.0,2145405.38,0.000404,66,0.002162,True
Main Street Coffee,HOT CHOCOLATE,CONUT''S FAVORITE,CONUT''S FAVORITE,core_food,71.0,33849729.28,0.006372,29,0.00853,True
Main Street Coffee,MATCHA LATTE,CONUT''S FAVORITE,CONUT''S FAVORITE,core_food,3.0,1787837.86,0.000337,72,0.00036,True
Main Street Coffee,AFFOGATO,CONUT''S FAVORITE,CONUT''S FAVORITE,core_food,6.0,3218108.07,0.000606,56,0.000721,True
Main Street Coffee,PISTACHIO LATTE,CONUT''S FAVORITE,CONUT''S FAVORITE,core_food,3.0,1787837.86,0.000337,72,0.00036,True
